period,region,channel,planned_revenue,actual_revenue,planned_gp_pct,actual_gp_pct,variance_pct
2022-01-31,North,Modern Trade,9857598,8422931,35,37.9,-14.55
2022-01-31,North,General Trade,9831565,9895608,35,31.66,0.65
2022-01-31,North,E-commerce,15967219,17042033,35,36.42,6.73
2022-01-31,North,Institutional,6967633,6513944,35,36.56,-6.51
2022-01-31,North,HoReCa,17903362,19421623,35,37.82,8.48
2022-01-31,South,Modern Trade,16799686,17667441,35,29.64,5.17
2022-01-31,South,General Trade,18179076,20314839,35,36.66,11.75
2022-01-31,South,E-commerce,17661708,18806986,35,32.06,6.48
2022-01-31,South,Institutional,19544612,17267712,35,28.8,-11.65
2022-01-31,South,HoReCa,13568818,14218057,35,36.8,4.78
2022-01-31,East,Modern Trade,5321577,5215741,35,28.83,-1.99
2022-01-31,East,General Trade,5703244,5802739,35,29.07,1.74
2022-01-31,East,E-commerce,14870681,14393123,35,29.56,-3.21
2022-01-31,East,Institutional,10723906,11299035,35,35.51,5.36
2022-01-31,East,HoReCa,9244330,9227855,35,34.87,-0.18
2022-01-31,West,Modern Trade,5954312,5601585,35,31.88,-5.92
2022-01-31,West,General Trade,8491415,8310647,35,36.25,-2.13
2022-01-31,West,E-commerce,6582258,6142716,35,28.48,-6.68
2022-01-31,West,Institutional,18039091,16901203,35,34.74,-6.31
2022-01-31,West,HoReCa,5269784,5156385,35,32.15,-2.15
2022-01-31,Central,Modern Trade,13138317,12242079,35,36.13,-6.82
2022-01-31,Central,General Trade,18917432,21653291,35,32.78,14.46
2022-01-31,Central,E-commerce,17192296,19236111,35,30.86,11.89
2022-01-31,Central,Institutional,7322945,7177793,35,36.16,-1.98
2022-01-31,Central,HoReCa,16429503,14038404,35,35.2,-14.55
2022-02-28,North,Modern Trade,18053003,16313389,35,31.51,-9.64
2022-02-28,North,General Trade,8233211,7933578,35,29.92,-3.64
2022-02-28,North,E-commerce,11300199,11006757,35,37.11,-2.6
2022-02-28,North,Institutional,10648575,10528514,35,29.79,-1.13
2022-02-28,North,HoReCa,18297363,17172839,35,30.5,-6.15
2022-02-28,South,Modern Trade,18697048,19819572,35,33.72,6.0
2022-02-28,South,General Trade,10012754,9587154,35,28.71,-4.25
2022-02-28,South,E-commerce,14860619,15359391,35,36.43,3.36
2022-02-28,South,Institutional,14170528,15920154,35,37.98,12.35
2022-02-28,South,HoReCa,15738886,15729136,35,37.87,-0.06
2022-02-28,East,Modern Trade,10921335,11677717,35,31.08,6.93
2022-02-28,East,General Trade,10724431,9399066,35,31.6,-12.36
2022-02-28,East,E-commerce,6556098,6119095,35,36.92,-6.67
2022-02-28,East,Institutional,10102548,10674719,35,36.05,5.66
2022-02-28,East,HoReCa,16255214,15756080,35,37.67,-3.07
2022-02-28,West,Modern Trade,8657396,8862797,35,31.06,2.37
2022-02-28,West,General Trade,8630869,8460170,35,37.85,-1.98
2022-02-28,West,E-commerce,17669857,16086474,35,37.09,-8.96
2022-02-28,West,Institutional,18641220,17033029,35,35.41,-8.63
2022-02-28,West,HoReCa,13732285,11974343,35,28.91,-12.8
2022-02-28,Central,Modern Trade,5019213,4286745,35,36.24,-14.59
2022-02-28,Central,General Trade,9059083,8146144,35,32.87,-10.08
2022-02-28,Central,E-commerce,5331178,5213444,35,36.7,-2.21
2022-02-28,Central,Institutional,16504177,17610302,35,33.38,6.7
2022-02-28,Central,HoReCa,5366065,5982940,35,32.42,11.5
2022-03-31,North,Modern Trade,16488590,15462579,35,30.14,-6.22
2022-03-31,North,General Trade,18710681,16919355,35,33.19,-9.57
2022-03-31,North,E-commerce,18713036,17715767,35,31.13,-5.33
2022-03-31,North,Institutional,19063319,19561410,35,31.08,2.61
2022-03-31,North,HoReCa,11568492,12044029,35,31.24,4.11
2022-03-31,South,Modern Trade,14778049,12853905,35,29.36,-13.02
2022-03-31,South,General Trade,17950826,15281800,35,36.42,-14.87
2022-03-31,South,E-commerce,8918262,8776759,35,29.9,-1.59
2022-03-31,South,Institutional,14418320,13173235,35,28.82,-8.64
2022-03-31,South,HoReCa,19470811,21072239,35,35.59,8.22
2022-03-31,East,Modern Trade,19267408,17450109,35,37.22,-9.43
2022-03-31,East,General Trade,19671302,20206288,35,35.83,2.72
2022-03-31,East,E-commerce,6141715,6775416,35,37.87,10.32
2022-03-31,East,Institutional,11590624,11367719,35,36.81,-1.92
2022-03-31,East,HoReCa,5858323,6094116,35,32.59,4.02
2022-03-31,West,Modern Trade,15060467,13313906,35,35.05,-11.6
2022-03-31,West,General Trade,19555022,17326149,35,28.94,-11.4
2022-03-31,West,E-commerce,15258404,14419887,35,31.47,-5.5
2022-03-31,West,Institutional,18269821,20417259,35,29.07,11.75
2022-03-31,West,HoReCa,9808553,8353048,35,34.06,-14.84
2022-03-31,Central,Modern Trade,17170982,16036028,35,34.0,-6.61
2022-03-31,Central,General Trade,9456503,10726567,35,35.79,13.43
2022-03-31,Central,E-commerce,15238838,14615026,35,32.19,-4.09
2022-03-31,Central,Institutional,7627696,7838337,35,34.69,2.76
2022-03-31,Central,HoReCa,11872257,12974673,35,28.43,9.29
2022-04-30,North,Modern Trade,16227524,17503278,35,33.72,7.86
2022-04-30,North,General Trade,6136486,7051643,35,28.56,14.91
2022-04-30,North,E-commerce,10267515,11607073,35,37.8,13.05
2022-04-30,North,Institutional,12876365,11514222,35,29.82,-10.58
2022-04-30,North,HoReCa,19142571,20639397,35,29.48,7.82
2022-04-30,South,Modern Trade,8021056,8927918,35,30.94,11.31
2022-04-30,South,General Trade,7614282,6627006,35,32.48,-12.97
2022-04-30,South,E-commerce,16585077,16000513,35,36.72,-3.52
2022-04-30,South,Institutional,10005684,11229176,35,32.88,12.23
2022-04-30,South,HoReCa,11568854,11724248,35,36.38,1.34
2022-04-30,East,Modern Trade,19509095,20356706,35,33.2,4.34
2022-04-30,East,General Trade,14064247,12947126,35,28.04,-7.94
2022-04-30,East,E-commerce,7118050,6482444,35,33.82,-8.93
2022-04-30,East,Institutional,5541896,6059624,35,30.95,9.34
2022-04-30,East,HoReCa,16408318,16476083,35,29.59,0.41
2022-04-30,West,Modern Trade,13109831,11400263,35,28.19,-13.04
2022-04-30,West,General Trade,15492657,15538983,35,34.49,0.3
2022-04-30,West,E-commerce,14591636,14239321,35,30.84,-2.41
2022-04-30,West,Institutional,9083083,10166884,35,29.27,11.93
2022-04-30,West,HoReCa,16243871,17306088,35,36.85,6.54
2022-04-30,Central,Modern Trade,11487149,10368116,35,32.69,-9.74
2022-04-30,Central,General Trade,10413392,11428722,35,34.42,9.75
2022-04-30,Central,E-commerce,11721271,10974326,35,37.91,-6.37
2022-04-30,Central,Institutional,13117231,13132187,35,31.67,0.11
2022-04-30,Central,HoReCa,16466148,18623508,35,32.94,13.1
2022-05-31,North,Modern Trade,17523071,17633760,35,36.07,0.63
2022-05-31,North,General Trade,10745232,11252804,35,28.8,4.72
2022-05-31,North,E-commerce,18282374,17497489,35,32.53,-4.29
2022-05-31,North,Institutional,13093099,13565050,35,32.13,3.6
2022-05-31,North,HoReCa,14342703,15223586,35,30.67,6.14
2022-05-31,South,Modern Trade,5201269,4424618,35,29.57,-14.93
2022-05-31,South,General Trade,7808240,7626963,35,29.72,-2.32
2022-05-31,South,E-commerce,6260111,7036804,35,30.31,12.41
2022-05-31,South,Institutional,10296592,9440528,35,31.39,-8.31
2022-05-31,South,HoReCa,17361310,17378578,35,31.37,0.1
2022-05-31,East,Modern Trade,11757144,10702806,35,31.26,-8.97
2022-05-31,East,General Trade,14056441,14651438,35,33.75,4.23
2022-05-31,East,E-commerce,9178741,9930636,35,37.46,8.19
2022-05-31,East,Institutional,8821137,7842017,35,32.39,-11.1
2022-05-31,East,HoReCa,19646601,22350319,35,29.75,13.76
2022-05-31,West,Modern Trade,13449176,11760992,35,29.96,-12.55
2022-05-31,West,General Trade,18925363,18013662,35,30.47,-4.82
2022-05-31,West,E-commerce,14762563,13603544,35,29.88,-7.85
2022-05-31,West,Institutional,14387652,15704318,35,35.44,9.15
2022-05-31,West,HoReCa,6607125,6308505,35,28.53,-4.52
2022-05-31,Central,Modern Trade,15010436,14442515,35,36.75,-3.78
2022-05-31,Central,General Trade,19709338,18966682,35,31.1,-3.77
2022-05-31,Central,E-commerce,18166292,16565026,35,28.59,-8.81
2022-05-31,Central,Institutional,13204866,13672996,35,31.04,3.55
2022-05-31,Central,HoReCa,14918699,13203089,35,28.0,-11.5
2022-06-30,North,Modern Trade,6570288,5773672,35,33.8,-12.12
2022-06-30,North,General Trade,11542963,13196972,35,32.5,14.33
2022-06-30,North,E-commerce,6780551,5770602,35,37.72,-14.89
2022-06-30,North,Institutional,16129523,16991995,35,28.8,5.35
2022-06-30,North,HoReCa,19419333,21230837,35,36.28,9.33
2022-06-30,South,Modern Trade,5713056,6274488,35,37.6,9.83
2022-06-30,South,General Trade,9216774,10103164,35,34.43,9.62
2022-06-30,South,E-commerce,19748400,18125198,35,29.15,-8.22
2022-06-30,South,Institutional,19995426,17671653,35,32.45,-11.62
2022-06-30,South,HoReCa,16995566,16464562,35,32.53,-3.12
2022-06-30,East,Modern Trade,10477349,11952591,35,28.34,14.08
2022-06-30,East,General Trade,5476371,5496199,35,29.21,0.36
2022-06-30,East,E-commerce,15677920,13932065,35,32.32,-11.14
2022-06-30,East,Institutional,9773161,8754680,35,33.53,-10.42
2022-06-30,East,HoReCa,9611028,10362277,35,29.55,7.82
2022-06-30,West,Modern Trade,13920718,15452534,35,33.87,11.0
2022-06-30,West,General Trade,11559447,11435933,35,31.06,-1.07
2022-06-30,West,E-commerce,7841463,8409999,35,30.56,7.25
2022-06-30,West,Institutional,14079246,15224063,35,31.7,8.13
2022-06-30,West,HoReCa,5987822,6834735,35,30.53,14.14
2022-06-30,Central,Modern Trade,7447733,7900479,35,36.48,6.08
2022-06-30,Central,General Trade,16696424,16331553,35,34.47,-2.19
2022-06-30,Central,E-commerce,16790482,17658829,35,36.47,5.17
2022-06-30,Central,Institutional,18701664,21074968,35,30.12,12.69
2022-06-30,Central,HoReCa,5655140,4976063,35,34.84,-12.01
2022-07-31,North,Modern Trade,17942364,16256797,35,37.84,-9.39
2022-07-31,North,General Trade,6239595,5450245,35,28.71,-12.65
2022-07-31,North,E-commerce,10709933,12179242,35,33.4,13.72
2022-07-31,North,Institutional,17978970,16353792,35,34.91,-9.04
2022-07-31,North,HoReCa,18301810,16582688,35,28.38,-9.39
2022-07-31,South,Modern Trade,5783623,5638052,35,34.05,-2.52
2022-07-31,South,General Trade,8985351,10266001,35,36.78,14.25
2022-07-31,South,E-commerce,7539536,6930097,35,32.58,-8.08
2022-07-31,South,Institutional,13348745,13182174,35,30.5,-1.25
2022-07-31,South,HoReCa,8471027,9243536,35,28.73,9.12
2022-07-31,East,Modern Trade,10877383,9911925,35,32.08,-8.88
2022-07-31,East,General Trade,8678512,8577617,35,34.36,-1.16
2022-07-31,East,E-commerce,10216937,11382847,35,31.87,11.41
2022-07-31,East,Institutional,16331906,17288679,35,35.69,5.86
2022-07-31,East,HoReCa,17969330,18813576,35,32.94,4.7
2022-07-31,West,Modern Trade,17014110,17677417,35,28.88,3.9
2022-07-31,West,General Trade,8269356,7663973,35,31.5,-7.32
2022-07-31,West,E-commerce,5646600,6208780,35,31.61,9.96
2022-07-31,West,Institutional,6273836,7031354,35,35.89,12.07
2022-07-31,West,HoReCa,17229335,19034291,35,32.89,10.48
2022-07-31,Central,Modern Trade,15133342,14706654,35,35.03,-2.82
2022-07-31,Central,General Trade,19786386,17073266,35,29.83,-13.71
2022-07-31,Central,E-commerce,17483714,19384799,35,32.15,10.87
2022-07-31,Central,Institutional,12974223,14443660,35,37.76,11.33
2022-07-31,Central,HoReCa,16286362,14779086,35,33.6,-9.25
2022-08-31,North,Modern Trade,15621481,14951064,35,32.23,-4.29
2022-08-31,North,General Trade,13062414,12979742,35,36.41,-0.63
2022-08-31,North,E-commerce,5138190,5569846,35,32.92,8.4
2022-08-31,North,Institutional,6283472,7147655,35,37.66,13.75
2022-08-31,North,HoReCa,7037337,6097579,35,29.47,-13.35
2022-08-31,South,Modern Trade,5324418,5310805,35,28.65,-0.26
2022-08-31,South,General Trade,5608010,5091446,35,36.84,-9.21
2022-08-31,South,E-commerce,10459470,9035360,35,31.99,-13.62
2022-08-31,South,Institutional,9890149,9717111,35,34.09,-1.75
2022-08-31,South,HoReCa,19758145,20451414,35,31.17,3.51
2022-08-31,East,Modern Trade,18464574,18535724,35,34.21,0.39
2022-08-31,East,General Trade,6526355,6497535,35,31.02,-0.44
2022-08-31,East,E-commerce,19276173,17718261,35,36.6,-8.08
2022-08-31,East,Institutional,8338169,7275037,35,30.95,-12.75
2022-08-31,East,HoReCa,7123767,7421679,35,29.45,4.18
2022-08-31,West,Modern Trade,5510969,6179462,35,34.63,12.13
2022-08-31,West,General Trade,9656882,10810700,35,33.94,11.95
2022-08-31,West,E-commerce,11354365,12576490,35,31.07,10.76
2022-08-31,West,Institutional,11514907,10741230,35,37.83,-6.72
2022-08-31,West,HoReCa,9757233,9508994,35,34.98,-2.54
2022-08-31,Central,Modern Trade,6465691,5530254,35,37.08,-14.47
2022-08-31,Central,General Trade,6265148,6327695,35,29.32,1.0
2022-08-31,Central,E-commerce,17421043,16039084,35,37.02,-7.93
2022-08-31,Central,Institutional,17265845,18002691,35,28.74,4.27
2022-08-31,Central,HoReCa,5446361,5598982,35,33.06,2.8
2022-09-30,North,Modern Trade,17178582,15258464,35,33.29,-11.18
2022-09-30,North,General Trade,16141318,14610821,35,31.24,-9.48
2022-09-30,North,E-commerce,17000044,16903410,35,36.09,-0.57
2022-09-30,North,Institutional,5060604,5748290,35,30.5,13.59
2022-09-30,North,HoReCa,19161447,19049432,35,37.02,-0.58
2022-09-30,South,Modern Trade,13787510,13786236,35,35.8,-0.01
2022-09-30,South,General Trade,11557164,10438181,35,31.7,-9.68
2022-09-30,South,E-commerce,19016152,17791364,35,29.54,-6.44
2022-09-30,South,Institutional,5401140,5531630,35,35.9,2.42
2022-09-30,South,HoReCa,19381792,17921476,35,33.29,-7.53
2022-09-30,East,Modern Trade,9121482,9724362,35,29.5,6.61
2022-09-30,East,General Trade,8775625,10053795,35,35.66,14.57
2022-09-30,East,E-commerce,14216720,16143320,35,35.34,13.55
2022-09-30,East,Institutional,17727350,18833453,35,28.89,6.24
2022-09-30,East,HoReCa,16361888,17132313,35,33.52,4.71
2022-09-30,West,Modern Trade,15925395,14507279,35,37.3,-8.9
2022-09-30,West,General Trade,11058855,11784871,35,32.38,6.57
2022-09-30,West,E-commerce,15932798,15414594,35,37.17,-3.25
2022-09-30,West,Institutional,19885918,18158515,35,33.78,-8.69
2022-09-30,West,HoReCa,14278549,13172746,35,31.79,-7.74
2022-09-30,Central,Modern Trade,7853466,8459000,35,33.85,7.71
2022-09-30,Central,General Trade,6044539,5476391,35,31.66,-9.4
2022-09-30,Central,E-commerce,16563365,18960454,35,36.91,14.47
2022-09-30,Central,Institutional,13075310,11704659,35,30.55,-10.48
2022-09-30,Central,HoReCa,8109929,9130238,35,37.9,12.58
2022-10-31,North,Modern Trade,8503957,8399449,35,35.33,-1.23
2022-10-31,North,General Trade,8570768,9118170,35,35.55,6.39
2022-10-31,North,E-commerce,5801951,5071423,35,37.14,-12.59
2022-10-31,North,Institutional,17826718,19439144,35,34.59,9.04
2022-10-31,North,HoReCa,13060940,14020752,35,28.53,7.35
2022-10-31,South,Modern Trade,7635948,7333316,35,31.8,-3.96
2022-10-31,South,General Trade,13980051,15304906,35,34.78,9.48
2022-10-31,South,E-commerce,9892733,10112244,35,28.07,2.22
2022-10-31,South,Institutional,7289748,6922091,35,35.8,-5.04
2022-10-31,South,HoReCa,13478935,12461550,35,33.21,-7.55
2022-10-31,East,Modern Trade,9130389,9877863,35,37.43,8.19
2022-10-31,East,General Trade,15833937,14934082,35,31.6,-5.68
2022-10-31,East,E-commerce,10371925,11257412,35,31.47,8.54
2022-10-31,East,Institutional,15120533,16073995,35,31.16,6.31
2022-10-31,East,HoReCa,6215929,5628446,35,34.27,-9.45
2022-10-31,West,Modern Trade,11597983,10914269,35,37.17,-5.9
2022-10-31,West,General Trade,13646225,15284661,35,32.74,12.01
2022-10-31,West,E-commerce,15266124,16322936,35,30.75,6.92
2022-10-31,West,Institutional,17475930,16139810,35,32.43,-7.65
2022-10-31,West,HoReCa,14408967,13998511,35,37.3,-2.85
2022-10-31,Central,Modern Trade,9053700,9396402,35,29.76,3.79
2022-10-31,Central,General Trade,14608309,12440940,35,36.37,-14.84
2022-10-31,Central,E-commerce,15456149,16597019,35,32.95,7.38
2022-10-31,Central,Institutional,12224233,12606016,35,36.76,3.12
2022-10-31,Central,HoReCa,8601007,9461943,35,37.39,10.01
2022-11-30,North,Modern Trade,15554431,16921671,35,31.85,8.79
2022-11-30,North,General Trade,18188982,18840871,35,34.59,3.58
2022-11-30,North,E-commerce,10496956,11066324,35,33.97,5.42
2022-11-30,North,Institutional,5704777,5781105,35,34.73,1.34
2022-11-30,North,HoReCa,18913468,17145840,35,33.59,-9.35
2022-11-30,South,Modern Trade,17855334,19327192,35,30.91,8.24
2022-11-30,South,General Trade,17813856,19257590,35,35.03,8.1
2022-11-30,South,E-commerce,7458113,8069653,35,28.58,8.2
2022-11-30,South,Institutional,19884838,17747357,35,28.87,-10.75
2022-11-30,South,HoReCa,9926784,10540371,35,30.65,6.18
2022-11-30,East,Modern Trade,15212932,16840010,35,28.94,10.7
2022-11-30,East,General Trade,18343820,16057438,35,36.54,-12.46
2022-11-30,East,E-commerce,19566082,20867696,35,36.01,6.65
2022-11-30,East,Institutional,16546462,17612716,35,33.63,6.44
2022-11-30,East,HoReCa,15190371,13508560,35,37.17,-11.07
2022-11-30,West,Modern Trade,14413643,13624733,35,28.27,-5.47
2022-11-30,West,General Trade,16929505,17211655,35,31.09,1.67
2022-11-30,West,E-commerce,10493408,10145340,35,34.31,-3.32
2022-11-30,West,Institutional,13120940,12139158,35,36.67,-7.48
2022-11-30,West,HoReCa,18383628,19121959,35,34.15,4.02
2022-11-30,Central,Modern Trade,11568173,12681767,35,35.64,9.63
2022-11-30,Central,General Trade,7739707,8396783,35,35.28,8.49
2022-11-30,Central,E-commerce,12251236,12925188,35,30.44,5.5
2022-11-30,Central,Institutional,7551607,8225504,35,33.92,8.92
2022-11-30,Central,HoReCa,9085561,9787309,35,34.41,7.72
2022-12-31,North,Modern Trade,17012539,19219932,35,33.56,12.98
2022-12-31,North,General Trade,15931822,16903653,35,29.32,6.1
2022-12-31,North,E-commerce,11425163,12820018,35,30.2,12.21
2022-12-31,North,Institutional,9779778,9311624,35,28.44,-4.79
2022-12-31,North,HoReCa,14040326,15068947,35,29.45,7.33
2022-12-31,South,Modern Trade,12133498,11281596,35,35.85,-7.02
2022-12-31,South,General Trade,17525046,18779151,35,32.09,7.16
2022-12-31,South,E-commerce,13179784,13444849,35,34.12,2.01
2022-12-31,South,Institutional,8266800,9096252,35,33.84,10.03
2022-12-31,South,HoReCa,10205425,10472168,35,28.03,2.61
2022-12-31,East,Modern Trade,19038635,17813797,35,31.29,-6.43
2022-12-31,East,General Trade,5615880,6394849,35,36.04,13.87
2022-12-31,East,E-commerce,6540611,5779392,35,28.15,-11.64
2022-12-31,East,Institutional,18072002,18939455,35,34.91,4.8
2022-12-31,East,HoReCa,5135071,4816391,35,33.37,-6.21
2022-12-31,West,Modern Trade,5564923,5736526,35,36.61,3.08
2022-12-31,West,General Trade,5614141,5853927,35,31.47,4.27
2022-12-31,West,E-commerce,7200693,7233006,35,28.97,0.45
2022-12-31,West,Institutional,15939588,15959215,35,36.17,0.12
2022-12-31,West,HoReCa,5489079,5087269,35,31.81,-7.32
2022-12-31,Central,Modern Trade,8549876,8449065,35,28.68,-1.18
2022-12-31,Central,General Trade,14962970,14594198,35,32.3,-2.46
2022-12-31,Central,E-commerce,15539818,13447471,35,36.04,-13.46
2022-12-31,Central,Institutional,19892266,19197160,35,36.7,-3.49
2022-12-31,Central,HoReCa,17727506,17195521,35,37.33,-3.0
2023-01-31,North,Modern Trade,6338746,7046753,35,29.88,11.17
2023-01-31,North,General Trade,14425382,14943263,35,30.59,3.59
2023-01-31,North,E-commerce,7425188,7162153,35,28.39,-3.54
2023-01-31,North,Institutional,13190116,11298417,35,28.5,-14.34
2023-01-31,North,HoReCa,5359849,5715771,35,34.82,6.64
2023-01-31,South,Modern Trade,11338474,12260438,35,33.16,8.13
2023-01-31,South,General Trade,17704990,18457379,35,36.73,4.25
2023-01-31,South,E-commerce,16165675,16192218,35,32.8,0.16
2023-01-31,South,Institutional,7492240,6933243,35,34.57,-7.46
2023-01-31,South,HoReCa,9679526,9451666,35,29.87,-2.35
2023-01-31,East,Modern Trade,15422801,17574582,35,36.17,13.95
2023-01-31,East,General Trade,17922628,15597106,35,28.84,-12.98
2023-01-31,East,E-commerce,8687354,9668702,35,33.48,11.3
2023-01-31,East,Institutional,14272660,15658084,35,36.21,9.71
2023-01-31,East,HoReCa,10971623,12413505,35,35.12,13.14
2023-01-31,West,Modern Trade,11575063,11481557,35,31.88,-0.81
2023-01-31,West,General Trade,15961603,13752279,35,30.69,-13.84
2023-01-31,West,E-commerce,12308499,11379893,35,34.66,-7.54
2023-01-31,West,Institutional,19392191,20370342,35,28.6,5.04
2023-01-31,West,HoReCa,19280987,18201066,35,32.62,-5.6
2023-01-31,Central,Modern Trade,14041980,12595111,35,35.31,-10.3
2023-01-31,Central,General Trade,19396745,18465737,35,28.8,-4.8
2023-01-31,Central,E-commerce,10524726,10609576,35,32.04,0.81
2023-01-31,Central,Institutional,7761656,6676477,35,28.48,-13.98
2023-01-31,Central,HoReCa,8471652,8311187,35,31.66,-1.89
2023-02-28,North,Modern Trade,16716951,15220977,35,32.66,-8.95
2023-02-28,North,General Trade,15418967,14268560,35,31.39,-7.46
2023-02-28,North,E-commerce,5026851,4448338,35,31.63,-11.51
2023-02-28,North,Institutional,17011464,17015671,35,34.08,0.02
2023-02-28,North,HoReCa,16200052,14687644,35,29.42,-9.34
2023-02-28,South,Modern Trade,11097209,10118498,35,31.17,-8.82
2023-02-28,South,General Trade,13675591,12071638,35,32.02,-11.73
2023-02-28,South,E-commerce,10604862,10154402,35,31.5,-4.25
2023-02-28,South,Institutional,8848556,8459465,35,32.27,-4.4
2023-02-28,South,HoReCa,9219958,8850666,35,33.65,-4.01
2023-02-28,East,Modern Trade,5558489,6239980,35,33.55,12.26
2023-02-28,East,General Trade,14519628,16436185,35,36.7,13.2
2023-02-28,East,E-commerce,17289732,15397393,35,29.81,-10.94
2023-02-28,East,Institutional,16313041,15993866,35,35.53,-1.96
2023-02-28,East,HoReCa,10901511,11053129,35,35.36,1.39
2023-02-28,West,Modern Trade,14580275,13538725,35,31.97,-7.14
2023-02-28,West,General Trade,8428297,9659945,35,36.74,14.61
2023-02-28,West,E-commerce,15277149,16526163,35,33.12,8.18
2023-02-28,West,Institutional,13798326,14796208,35,35.18,7.23
2023-02-28,West,HoReCa,6386073,7328469,35,28.12,14.76
2023-02-28,Central,Modern Trade,14222209,12295321,35,29.27,-13.55
2023-02-28,Central,General Trade,15861779,14548536,35,37.73,-8.28
2023-02-28,Central,E-commerce,19711755,21831816,35,31.95,10.76
2023-02-28,Central,Institutional,16408013,15468978,35,30.11,-5.72
2023-02-28,Central,HoReCa,16694689,17939114,35,29.35,7.45
2023-03-31,North,Modern Trade,17070079,16759940,35,31.36,-1.82
2023-03-31,North,General Trade,13454137,14605993,35,36.71,8.56
2023-03-31,North,E-commerce,8639038,7457851,35,31.12,-13.67
2023-03-31,North,Institutional,18378174,17053070,35,29.81,-7.21
2023-03-31,North,HoReCa,12735945,14619474,35,36.63,14.79
2023-03-31,South,Modern Trade,13978514,12578224,35,37.54,-10.02
2023-03-31,South,General Trade,8969483,9798567,35,33.42,9.24
2023-03-31,South,E-commerce,16879327,15610759,35,33.75,-7.52
2023-03-31,South,Institutional,6537805,7382674,35,31.83,12.92
2023-03-31,South,HoReCa,10515017,11917169,35,31.28,13.33
2023-03-31,East,Modern Trade,11149789,12108107,35,29.44,8.59
2023-03-31,East,General Trade,10308445,10969128,35,30.19,6.41
2023-03-31,East,E-commerce,16391792,15792261,35,28.29,-3.66
2023-03-31,East,Institutional,18268945,17002515,35,36.91,-6.93
2023-03-31,East,HoReCa,6656724,5889118,35,31.96,-11.53
2023-03-31,West,Modern Trade,9385150,8719665,35,32.86,-7.09
2023-03-31,West,General Trade,12896750,14362640,35,32.82,11.37
2023-03-31,West,E-commerce,14096772,15486235,35,30.6,9.86
2023-03-31,West,Institutional,15986718,16780221,35,36.64,4.96
2023-03-31,West,HoReCa,7876459,8082888,35,34.57,2.62
2023-03-31,Central,Modern Trade,6887104,6471790,35,29.09,-6.03
2023-03-31,Central,General Trade,13140560,11190273,35,35.72,-14.84
2023-03-31,Central,E-commerce,8523979,8371420,35,37.81,-1.79
2023-03-31,Central,Institutional,6670557,6461610,35,33.03,-3.13
2023-03-31,Central,HoReCa,8788654,7948269,35,29.0,-9.56
2023-04-30,North,Modern Trade,11387812,10024762,35,32.98,-11.97
2023-04-30,North,General Trade,8074978,7725355,35,35.8,-4.33
2023-04-30,North,E-commerce,11419100,10774260,35,29.31,-5.65
2023-04-30,North,Institutional,13177245,14580033,35,36.24,10.65
2023-04-30,North,HoReCa,9924330,11265330,35,37.08,13.51
2023-04-30,South,Modern Trade,16029553,15011657,35,37.13,-6.35
2023-04-30,South,General Trade,16798003,16546182,35,32.93,-1.5
2023-04-30,South,E-commerce,15300475,14281511,35,37.73,-6.66
2023-04-30,South,Institutional,19337337,18357848,35,28.24,-5.07
2023-04-30,South,HoReCa,12855188,11220671,35,33.43,-12.71
2023-04-30,East,Modern Trade,13874911,13795471,35,31.91,-0.57
2023-04-30,East,General Trade,9271618,9354997,35,34.05,0.9
2023-04-30,East,E-commerce,9834084,10128529,35,33.97,2.99
2023-04-30,East,Institutional,12789398,13261103,35,31.63,3.69
2023-04-30,East,HoReCa,11848966,10523511,35,32.26,-11.19
2023-04-30,West,Modern Trade,9486805,9635072,35,33.24,1.56
2023-04-30,West,General Trade,18546780,16979139,35,34.24,-8.45
2023-04-30,West,E-commerce,10932901,9497631,35,36.29,-13.13
2023-04-30,West,Institutional,18694961,18352005,35,34.38,-1.83
2023-04-30,West,HoReCa,5130439,4372131,35,37.12,-14.78
2023-04-30,Central,Modern Trade,19691891,20246253,35,34.12,2.82
2023-04-30,Central,General Trade,5976090,5936374,35,35.57,-0.66
2023-04-30,Central,E-commerce,8582679,8410755,35,29.42,-2.0
2023-04-30,Central,Institutional,11275559,12386032,35,32.52,9.85
2023-04-30,Central,HoReCa,16660397,18825004,35,36.96,12.99
2023-05-31,North,Modern Trade,11108120,9806412,35,28.82,-11.72
2023-05-31,North,General Trade,17964878,19637138,35,30.47,9.31
2023-05-31,North,E-commerce,13218176,11967559,35,29.61,-9.46
2023-05-31,North,Institutional,17540589,16981085,35,35.77,-3.19
2023-05-31,North,HoReCa,9391559,10625158,35,30.79,13.14
2023-05-31,South,Modern Trade,5155525,5025284,35,34.68,-2.53
2023-05-31,South,General Trade,11579023,11630603,35,31.87,0.45
2023-05-31,South,E-commerce,5288244,5393022,35,28.24,1.98
2023-05-31,South,Institutional,11561896,9925160,35,37.29,-14.16
2023-05-31,South,HoReCa,14572435,12424636,35,30.44,-14.74
2023-05-31,East,Modern Trade,17660964,18075776,35,35.49,2.35
2023-05-31,East,General Trade,15720513,15727649,35,29.65,0.05
2023-05-31,East,E-commerce,9164006,9697001,35,28.04,5.82
2023-05-31,East,Institutional,7486789,7788238,35,29.62,4.03
2023-05-31,East,HoReCa,16288919,14207240,35,29.69,-12.78
2023-05-31,West,Modern Trade,12194168,13189960,35,32.64,8.17
2023-05-31,West,General Trade,13805617,12948884,35,37.95,-6.21
2023-05-31,West,E-commerce,18276404,15837776,35,36.18,-13.34
2023-05-31,West,Institutional,8179702,7652954,35,31.91,-6.44
2023-05-31,West,HoReCa,10787609,12278240,35,31.38,13.82
2023-05-31,Central,Modern Trade,15770669,13680663,35,34.13,-13.25
2023-05-31,Central,General Trade,14867102,13716412,35,30.23,-7.74
2023-05-31,Central,E-commerce,17727338,15838425,35,34.33,-10.66
2023-05-31,Central,Institutional,8759321,8342706,35,33.8,-4.76
2023-05-31,Central,HoReCa,9995878,11300929,35,36.32,13.06
2023-06-30,North,Modern Trade,17796018,19828700,35,35.97,11.42
2023-06-30,North,General Trade,14815352,14456395,35,33.64,-2.42
2023-06-30,North,E-commerce,9887954,10411737,35,37.67,5.3
2023-06-30,North,Institutional,17837850,20043757,35,28.67,12.37
2023-06-30,North,HoReCa,16383485,14684516,35,34.41,-10.37
2023-06-30,South,Modern Trade,15487310,15230963,35,28.44,-1.66
2023-06-30,South,General Trade,5570653,5978580,35,37.89,7.32
2023-06-30,South,E-commerce,14547520,14671432,35,28.96,0.85
2023-06-30,South,Institutional,17484802,19008852,35,37.9,8.72
2023-06-30,South,HoReCa,7384814,7097318,35,33.11,-3.89
2023-06-30,East,Modern Trade,12861314,12991788,35,34.3,1.01
2023-06-30,East,General Trade,14078084,15073461,35,35.11,7.07
2023-06-30,East,E-commerce,12357751,12164276,35,35.61,-1.57
2023-06-30,East,Institutional,14565479,14626122,35,36.3,0.42
2023-06-30,East,HoReCa,11596972,12006061,35,34.67,3.53
2023-06-30,West,Modern Trade,8592421,8721837,35,36.86,1.51
2023-06-30,West,General Trade,13636079,13795901,35,34.99,1.17
2023-06-30,West,E-commerce,7765140,8626716,35,36.35,11.1
2023-06-30,West,Institutional,17660968,15225347,35,30.6,-13.79
2023-06-30,West,HoReCa,11886447,11694763,35,31.14,-1.61
2023-06-30,Central,Modern Trade,19099043,16878213,35,35.24,-11.63
2023-06-30,Central,General Trade,13577225,12957420,35,32.86,-4.57
2023-06-30,Central,E-commerce,6999384,7354504,35,36.17,5.07
2023-06-30,Central,Institutional,18942428,16474819,35,37.37,-13.03
2023-06-30,Central,HoReCa,13461173,12523039,35,32.48,-6.97
2023-07-31,North,Modern Trade,6857744,6442576,35,30.37,-6.05
2023-07-31,North,General Trade,12584575,13265396,35,33.24,5.41
2023-07-31,North,E-commerce,17479441,17454672,35,29.67,-0.14
2023-07-31,North,Institutional,16924635,16281855,35,35.73,-3.8
2023-07-31,North,HoReCa,15686317,15640909,35,30.17,-0.29
2023-07-31,South,Modern Trade,13302642,12159147,35,33.24,-8.6
2023-07-31,South,General Trade,8459446,7672115,35,35.39,-9.31
2023-07-31,South,E-commerce,17350620,15929739,35,28.26,-8.19
2023-07-31,South,Institutional,15143771,13113028,35,30.74,-13.41
2023-07-31,South,HoReCa,18847642,17210348,35,34.87,-8.69
2023-07-31,East,Modern Trade,10028749,8912139,35,36.02,-11.13
2023-07-31,East,General Trade,9567035,10590587,35,34.65,10.7
2023-07-31,East,E-commerce,16261090,16729844,35,29.64,2.88
2023-07-31,East,Institutional,6250399,5340317,35,29.54,-14.56
2023-07-31,East,HoReCa,15595163,16447294,35,33.99,5.46
2023-07-31,West,Modern Trade,19215851,17737570,35,34.66,-7.69
2023-07-31,West,General Trade,19856668,18994103,35,32.9,-4.34
2023-07-31,West,E-commerce,19710757,20869111,35,28.96,5.88
2023-07-31,West,Institutional,5632741,6268751,35,29.82,11.29
2023-07-31,West,HoReCa,17003261,15886146,35,29.29,-6.57
2023-07-31,Central,Modern Trade,15729177,17873917,35,29.12,13.64
2023-07-31,Central,General Trade,16763752,17135280,35,29.89,2.22
2023-07-31,Central,E-commerce,9857145,8741703,35,29.79,-11.32
2023-07-31,Central,Institutional,14030861,13027561,35,36.77,-7.15
2023-07-31,Central,HoReCa,7388956,7196457,35,37.58,-2.61
2023-08-31,North,Modern Trade,13429494,12059866,35,31.08,-10.2
2023-08-31,North,General Trade,10453968,10109786,35,31.5,-3.29
2023-08-31,North,E-commerce,12930659,12062599,35,36.58,-6.71
2023-08-31,North,Institutional,14882449,13986050,35,28.88,-6.02
2023-08-31,North,HoReCa,7042672,6426883,35,32.9,-8.74
2023-08-31,South,Modern Trade,12234188,13037771,35,34.08,6.57
2023-08-31,South,General Trade,19463013,19871083,35,37.26,2.1
2023-08-31,South,E-commerce,11993609,11785743,35,30.86,-1.73
2023-08-31,South,Institutional,10836097,10165168,35,33.93,-6.19
2023-08-31,South,HoReCa,16513701,18397638,35,36.5,11.41
2023-08-31,East,Modern Trade,16764817,16210032,35,37.48,-3.31
2023-08-31,East,General Trade,12312815,11452129,35,34.34,-6.99
2023-08-31,East,E-commerce,11438874,9914075,35,30.8,-13.33
2023-08-31,East,Institutional,6821305,6948934,35,29.24,1.87
2023-08-31,East,HoReCa,7427227,8202450,35,30.36,10.44
2023-08-31,West,Modern Trade,15640835,13463518,35,37.61,-13.92
2023-08-31,West,General Trade,13953950,13894769,35,30.77,-0.42
2023-08-31,West,E-commerce,19362542,21469441,35,36.1,10.88
2023-08-31,West,Institutional,8480832,7439139,35,35.0,-12.28
2023-08-31,West,HoReCa,16868272,17731255,35,33.79,5.12
2023-08-31,Central,Modern Trade,6114104,5337786,35,37.76,-12.7
2023-08-31,Central,General Trade,14747325,16666104,35,28.56,13.01
2023-08-31,Central,E-commerce,5941272,5586476,35,29.3,-5.97
2023-08-31,Central,Institutional,11192631,12453558,35,32.56,11.27
2023-08-31,Central,HoReCa,19919963,22565107,35,30.12,13.28
2023-09-30,North,Modern Trade,15415759,16693987,35,37.73,8.29
2023-09-30,North,General Trade,13288986,14669100,35,33.58,10.39
2023-09-30,North,E-commerce,12427538,10608849,35,31.83,-14.63
2023-09-30,North,Institutional,7413565,7159363,35,34.94,-3.43
2023-09-30,North,HoReCa,6313171,6967970,35,28.85,10.37
2023-09-30,South,Modern Trade,16531952,14737496,35,30.54,-10.85
2023-09-30,South,General Trade,9557561,8862545,35,31.33,-7.27
2023-09-30,South,E-commerce,5092107,5198843,35,37.4,2.1
2023-09-30,South,Institutional,17363341,14784391,35,29.68,-14.85
2023-09-30,South,HoReCa,9965562,8483669,35,36.51,-14.87
2023-09-30,East,Modern Trade,6166743,6167458,35,31.41,0.01
2023-09-30,East,General Trade,11123006,9979351,35,32.93,-10.28
2023-09-30,East,E-commerce,14015137,13104561,35,36.78,-6.5
2023-09-30,East,Institutional,12252532,14012003,35,37.25,14.36
2023-09-30,East,HoReCa,9055098,10091725,35,35.06,11.45
2023-09-30,West,Modern Trade,17451505,18454845,35,32.36,5.75
2023-09-30,West,General Trade,18813479,19864235,35,34.59,5.59
2023-09-30,West,E-commerce,13997468,12619450,35,37.27,-9.84
2023-09-30,West,Institutional,7910137,7688737,35,29.51,-2.8
2023-09-30,West,HoReCa,10600612,10725451,35,30.18,1.18
2023-09-30,Central,Modern Trade,13004048,14504438,35,31.99,11.54
2023-09-30,Central,General Trade,18145666,19367625,35,33.19,6.73
2023-09-30,Central,E-commerce,11875030,13276837,35,34.81,11.8
2023-09-30,Central,Institutional,10206494,10784448,35,30.44,5.66
2023-09-30,Central,HoReCa,8306699,8034040,35,33.65,-3.28
2023-10-31,North,Modern Trade,5074471,4622049,35,28.52,-8.92
2023-10-31,North,General Trade,15452069,17606236,35,31.11,13.94
2023-10-31,North,E-commerce,6124576,5500210,35,35.35,-10.19
2023-10-31,North,Institutional,14130357,16217773,35,30.52,14.77
2023-10-31,North,HoReCa,8427015,8133434,35,35.0,-3.48
2023-10-31,South,Modern Trade,15338977,16881671,35,31.51,10.06
2023-10-31,South,General Trade,14938108,15995748,35,36.22,7.08
2023-10-31,South,E-commerce,5610429,5904740,35,32.7,5.25
2023-10-31,South,Institutional,8371593,7124981,35,32.32,-14.89
2023-10-31,South,HoReCa,10333295,10450991,35,30.71,1.14
2023-10-31,East,Modern Trade,5489157,5897867,35,31.96,7.45
2023-10-31,East,General Trade,16981240,17626503,35,31.8,3.8
2023-10-31,East,E-commerce,18542485,20888685,35,28.03,12.65
2023-10-31,East,Institutional,18596854,20125786,35,37.86,8.22
2023-10-31,East,HoReCa,9348631,7988678,35,33.03,-14.55
2023-10-31,West,Modern Trade,7753080,7010813,35,35.48,-9.57
2023-10-31,West,General Trade,19167216,21088071,35,35.66,10.02
2023-10-31,West,E-commerce,11669313,10194280,35,30.79,-12.64
2023-10-31,West,Institutional,14512526,15545252,35,37.09,7.12
2023-10-31,West,HoReCa,11948150,11499102,35,34.89,-3.76
2023-10-31,Central,Modern Trade,12807032,12249774,35,34.34,-4.35
2023-10-31,Central,General Trade,8764540,7547172,35,37.13,-13.89
2023-10-31,Central,E-commerce,10077623,9724706,35,29.34,-3.5
2023-10-31,Central,Institutional,9846852,10977701,35,29.82,11.48
2023-10-31,Central,HoReCa,10736854,10022148,35,37.16,-6.66
2023-11-30,North,Modern Trade,12016511,10530937,35,31.03,-12.36
2023-11-30,North,General Trade,11021375,11619599,35,28.42,5.43
2023-11-30,North,E-commerce,13706516,11872806,35,36.77,-13.38
2023-11-30,North,Institutional,17300872,17235848,35,34.9,-0.38
2023-11-30,North,HoReCa,11597066,10603901,35,31.1,-8.56
2023-11-30,South,Modern Trade,6413281,7015074,35,37.02,9.38
2023-11-30,South,General Trade,13951784,14324813,35,33.71,2.67
2023-11-30,South,E-commerce,8139623,8436966,35,37.59,3.65
2023-11-30,South,Institutional,15521887,16911924,35,29.43,8.96
2023-11-30,South,HoReCa,14604978,16237031,35,35.92,11.17
2023-11-30,East,Modern Trade,5423270,5347333,35,29.85,-1.4
2023-11-30,East,General Trade,6364807,6265157,35,30.79,-1.57
2023-11-30,East,E-commerce,11813425,11937789,35,30.6,1.05
2023-11-30,East,Institutional,9998297,10351815,35,30.03,3.54
2023-11-30,East,HoReCa,5431773,5667848,35,28.56,4.35
2023-11-30,West,Modern Trade,12780041,11116517,35,36.83,-13.02
2023-11-30,West,General Trade,5036672,4800835,35,32.83,-4.68
2023-11-30,West,E-commerce,18767167,18604917,35,32.67,-0.86
2023-11-30,West,Institutional,19981048,18406132,35,28.53,-7.88
2023-11-30,West,HoReCa,10242115,10842373,35,36.39,5.86
2023-11-30,Central,Modern Trade,9578176,10540954,35,32.98,10.05
2023-11-30,Central,General Trade,15550883,16425200,35,33.85,5.62
2023-11-30,Central,E-commerce,14887398,12715654,35,30.61,-14.59
2023-11-30,Central,Institutional,8034955,7234158,35,31.84,-9.97
2023-11-30,Central,HoReCa,17688646,20150668,35,34.74,13.92
2023-12-31,North,Modern Trade,18963614,18414137,35,28.13,-2.9
2023-12-31,North,General Trade,5738112,6338446,35,36.5,10.46
2023-12-31,North,E-commerce,16667557,14868542,35,28.18,-10.79
2023-12-31,North,Institutional,7572294,7372330,35,28.5,-2.64
2023-12-31,North,HoReCa,7354551,6294786,35,32.48,-14.41
2023-12-31,South,Modern Trade,16950111,15959316,35,36.84,-5.85
2023-12-31,South,General Trade,9087006,8488122,35,31.24,-6.59
2023-12-31,South,E-commerce,18611343,17933860,35,35.29,-3.64
2023-12-31,South,Institutional,13311313,11859720,35,35.25,-10.9
2023-12-31,South,HoReCa,12852077,11208528,35,30.13,-12.79
2023-12-31,East,Modern Trade,14293084,14277631,35,32.33,-0.11
2023-12-31,East,General Trade,10996637,11662611,35,28.93,6.06
2023-12-31,East,E-commerce,19900741,21746955,35,30.26,9.28
2023-12-31,East,Institutional,7558007,6724347,35,35.74,-11.03
2023-12-31,East,HoReCa,18786153,21508564,35,32.76,14.49
2023-12-31,West,Modern Trade,13362734,13696079,35,30.64,2.49
2023-12-31,West,General Trade,16904910,16023679,35,33.82,-5.21
2023-12-31,West,E-commerce,14547471,12690376,35,29.03,-12.77
2023-12-31,West,Institutional,11309883,10322864,35,37.11,-8.73
2023-12-31,West,HoReCa,16083945,16513195,35,36.16,2.67
2023-12-31,Central,Modern Trade,17204906,19031304,35,34.46,10.62
2023-12-31,Central,General Trade,5946592,5801487,35,33.81,-2.44
2023-12-31,Central,E-commerce,18107145,16867661,35,34.22,-6.85
2023-12-31,Central,Institutional,9766703,11066570,35,35.26,13.31
2023-12-31,Central,HoReCa,5829665,5602561,35,32.65,-3.9
2024-01-31,North,Modern Trade,19560883,17948728,35,35.13,-8.24
2024-01-31,North,General Trade,7972238,7183458,35,35.98,-9.89
2024-01-31,North,E-commerce,14575455,14117042,35,28.19,-3.15
2024-01-31,North,Institutional,7950650,7382591,35,37.26,-7.14
2024-01-31,North,HoReCa,8566077,8669773,35,34.11,1.21
2024-01-31,South,Modern Trade,15450485,16654693,35,32.6,7.79
2024-01-31,South,General Trade,11627619,12334470,35,36.07,6.08
2024-01-31,South,E-commerce,5287402,4801571,35,37.73,-9.19
2024-01-31,South,Institutional,13461771,12448574,35,36.85,-7.53
2024-01-31,South,HoReCa,5714492,5783226,35,32.71,1.2
2024-01-31,East,Modern Trade,16204156,14432663,35,35.37,-10.93
2024-01-31,East,General Trade,10500450,11185522,35,32.21,6.52
2024-01-31,East,E-commerce,6749792,7380990,35,34.85,9.35
2024-01-31,East,Institutional,5395647,5228435,35,34.12,-3.1
2024-01-31,East,HoReCa,15542797,15146339,35,32.8,-2.55
2024-01-31,West,Modern Trade,7611031,6576778,35,33.02,-13.59
2024-01-31,West,General Trade,11165211,12260420,35,37.43,9.81
2024-01-31,West,E-commerce,5175077,5212957,35,34.16,0.73
2024-01-31,West,Institutional,10868025,11967649,35,35.87,10.12
2024-01-31,West,HoReCa,8522253,8527997,35,37.71,0.07
2024-01-31,Central,Modern Trade,13536309,15233242,35,32.56,12.54
2024-01-31,Central,General Trade,11897191,10828873,35,33.57,-8.98
2024-01-31,Central,E-commerce,14762199,14435178,35,34.18,-2.22
2024-01-31,Central,Institutional,15312654,16953216,35,34.98,10.71
2024-01-31,Central,HoReCa,8221527,8935916,35,28.17,8.69
2024-02-29,North,Modern Trade,18060811,16380697,35,36.12,-9.3
2024-02-29,North,General Trade,13086442,14686445,35,33.84,12.23
2024-02-29,North,E-commerce,12492408,11683341,35,28.08,-6.48
2024-02-29,North,Institutional,17066011,15867549,35,30.2,-7.02
2024-02-29,North,HoReCa,16545505,19011322,35,28.16,14.9
2024-02-29,South,Modern Trade,17849854,18807738,35,34.24,5.37
2024-02-29,South,General Trade,7354566,8430362,35,37.82,14.63
2024-02-29,South,E-commerce,9292456,9963935,35,36.28,7.23
2024-02-29,South,Institutional,16690735,17666562,35,30.97,5.85
2024-02-29,South,HoReCa,5285510,4585213,35,32.45,-13.25
2024-02-29,East,Modern Trade,18066966,20107798,35,29.13,11.3
2024-02-29,East,General Trade,5871645,5497371,35,32.12,-6.37
2024-02-29,East,E-commerce,8688171,9036927,35,29.74,4.01
2024-02-29,East,Institutional,14444259,14457935,35,29.14,0.09
2024-02-29,East,HoReCa,13509400,12969845,35,32.72,-3.99
2024-02-29,West,Modern Trade,7451124,8014151,35,28.89,7.56
2024-02-29,West,General Trade,9484816,9854362,35,28.13,3.9
2024-02-29,West,E-commerce,6616505,6585505,35,37.44,-0.47
2024-02-29,West,Institutional,9232695,9055069,35,32.35,-1.92
2024-02-29,West,HoReCa,12297831,12858269,35,30.1,4.56
2024-02-29,Central,Modern Trade,6042912,6113981,35,34.9,1.18
2024-02-29,Central,General Trade,11303318,12438040,35,32.59,10.04
2024-02-29,Central,E-commerce,16180603,14280032,35,34.22,-11.75
2024-02-29,Central,Institutional,9930590,8473997,35,33.03,-14.67
2024-02-29,Central,HoReCa,9429032,9331198,35,37.32,-1.04
2024-03-31,North,Modern Trade,8520597,7481146,35,35.66,-12.2
2024-03-31,North,General Trade,16920832,16355005,35,33.12,-3.34
2024-03-31,North,E-commerce,18247802,17864892,35,35.84,-2.1
2024-03-31,North,Institutional,19529434,17741196,35,34.21,-9.16
2024-03-31,North,HoReCa,16867372,17762417,35,32.3,5.31
2024-03-31,South,Modern Trade,19648462,18120260,35,29.6,-7.78
2024-03-31,South,General Trade,18752393,19540913,35,28.66,4.2
2024-03-31,South,E-commerce,19240372,20038428,35,32.8,4.15
2024-03-31,South,Institutional,10708353,11302352,35,30.95,5.55
2024-03-31,South,HoReCa,15183204,13523193,35,29.14,-10.93
2024-03-31,East,Modern Trade,15914995,15286069,35,32.33,-3.95
2024-03-31,East,General Trade,9779807,11041081,35,34.15,12.9
2024-03-31,East,E-commerce,12245507,13586907,35,31.32,10.95
2024-03-31,East,Institutional,6175608,5714433,35,36.81,-7.47
2024-03-31,East,HoReCa,17111161,16876805,35,29.83,-1.37
2024-03-31,West,Modern Trade,18653022,17231207,35,30.51,-7.62
2024-03-31,West,General Trade,10773812,12349441,35,30.07,14.62
2024-03-31,West,E-commerce,6960430,5925424,35,32.58,-14.87
2024-03-31,West,Institutional,18211737,17625560,35,34.55,-3.22
2024-03-31,West,HoReCa,11822583,13093000,35,36.73,10.75
2024-03-31,Central,Modern Trade,19908264,18271762,35,37.91,-8.22
2024-03-31,Central,General Trade,11767098,11622364,35,29.59,-1.23
2024-03-31,Central,E-commerce,10779758,12375310,35,35.87,14.8
2024-03-31,Central,Institutional,18518378,16562894,35,33.99,-10.56
2024-03-31,Central,HoReCa,5466645,6159241,35,31.6,12.67
2024-04-30,North,Modern Trade,16182888,14275108,35,32.59,-11.79
2024-04-30,North,General Trade,19974271,19548415,35,33.35,-2.13
2024-04-30,North,E-commerce,8565119,9635799,35,36.63,12.5
2024-04-30,North,Institutional,17213336,17083043,35,37.9,-0.76
2024-04-30,North,HoReCa,18190806,20425322,35,32.81,12.28
2024-04-30,South,Modern Trade,18608402,20602969,35,32.29,10.72
2024-04-30,South,General Trade,16335597,15369045,35,29.49,-5.92
2024-04-30,South,E-commerce,7226487,7106292,35,34.99,-1.66
2024-04-30,South,Institutional,13366429,11376875,35,34.79,-14.88
2024-04-30,South,HoReCa,12083701,13121539,35,34.55,8.59
2024-04-30,East,Modern Trade,6559649,6195974,35,33.59,-5.54
2024-04-30,East,General Trade,17583081,18312365,35,28.98,4.15
2024-04-30,East,E-commerce,14525008,13206825,35,34.48,-9.08
2024-04-30,East,Institutional,15008456,15691782,35,29.68,4.55
2024-04-30,East,HoReCa,16618628,16332216,35,33.18,-1.72
2024-04-30,West,Modern Trade,19825447,20713737,35,36.64,4.48
2024-04-30,West,General Trade,7009223,7276236,35,34.9,3.81
2024-04-30,West,E-commerce,11253924,10953126,35,37.94,-2.67
2024-04-30,West,Institutional,8946275,10278019,35,35.23,14.89
2024-04-30,West,HoReCa,19889855,21416357,35,28.29,7.67
2024-04-30,Central,Modern Trade,11909649,12939447,35,31.15,8.65
2024-04-30,Central,General Trade,10387698,9417260,35,37.15,-9.34
2024-04-30,Central,E-commerce,15885475,15990852,35,32.77,0.66
2024-04-30,Central,Institutional,18303618,19347222,35,35.35,5.7
2024-04-30,Central,HoReCa,9809749,10390710,35,31.07,5.92
2024-05-31,North,Modern Trade,6715008,7339247,35,34.17,9.3
2024-05-31,North,General Trade,17936263,18850120,35,37.65,5.1
2024-05-31,North,E-commerce,14003931,16025200,35,29.76,14.43
2024-05-31,North,Institutional,11857337,12174003,35,31.64,2.67
2024-05-31,North,HoReCa,16328893,15986272,35,31.89,-2.1
2024-05-31,South,Modern Trade,19902023,21363454,35,29.87,7.34
2024-05-31,South,General Trade,6676039,6505559,35,31.24,-2.55
2024-05-31,South,E-commerce,11157105,10333572,35,30.52,-7.38
2024-05-31,South,Institutional,11214388,9616524,35,31.85,-14.25
2024-05-31,South,HoReCa,16696017,17140418,35,33.64,2.66
2024-05-31,East,Modern Trade,13513752,14366346,35,34.18,6.31
2024-05-31,East,General Trade,10654871,10401933,35,31.19,-2.37
2024-05-31,East,E-commerce,15820422,14181974,35,33.59,-10.36
2024-05-31,East,Institutional,9098520,8180884,35,31.06,-10.09
2024-05-31,East,HoReCa,6192477,5535409,35,31.02,-10.61
2024-05-31,West,Modern Trade,5380981,5104194,35,37.67,-5.14
2024-05-31,West,General Trade,14317060,13856182,35,37.02,-3.22
2024-05-31,West,E-commerce,8422417,7901473,35,31.4,-6.19
2024-05-31,West,Institutional,5485798,5904489,35,28.64,7.63
2024-05-31,West,HoReCa,11473486,12976815,35,32.67,13.1
2024-05-31,Central,Modern Trade,15134035,16049570,35,36.62,6.05
2024-05-31,Central,General Trade,13042919,11349752,35,31.17,-12.98
2024-05-31,Central,E-commerce,18940157,20987806,35,30.63,10.81
2024-05-31,Central,Institutional,6066575,6831560,35,28.63,12.61
2024-05-31,Central,HoReCa,13714169,12811070,35,31.79,-6.59
2024-06-30,North,Modern Trade,14386042,15178334,35,34.32,5.51
2024-06-30,North,General Trade,10941781,12515020,35,30.05,14.38
2024-06-30,North,E-commerce,10981306,9474336,35,34.67,-13.72
2024-06-30,North,Institutional,17947598,15390992,35,30.98,-14.24
2024-06-30,North,HoReCa,10911519,12169208,35,34.31,11.53
2024-06-30,South,Modern Trade,18994694,17262626,35,33.88,-9.12
2024-06-30,South,General Trade,16481870,18633965,35,34.32,13.06
2024-06-30,South,E-commerce,5428991,5996890,35,32.4,10.46
2024-06-30,South,Institutional,8861671,9811264,35,28.38,10.72
2024-06-30,South,HoReCa,12021697,13660403,35,31.4,13.63
2024-06-30,East,Modern Trade,18344905,16999611,35,36.48,-7.33
2024-06-30,East,General Trade,14691490,13314344,35,32.76,-9.37
2024-06-30,East,E-commerce,18960364,19133269,35,30.79,0.91
2024-06-30,East,Institutional,16813044,15780401,35,29.02,-6.14
2024-06-30,East,HoReCa,12875716,13324082,35,32.97,3.48
2024-06-30,West,Modern Trade,6473888,7406008,35,35.03,14.4
2024-06-30,West,General Trade,11955779,12018995,35,30.5,0.53
2024-06-30,West,E-commerce,8291901,9190236,35,31.38,10.83
2024-06-30,West,Institutional,18448504,20273459,35,34.0,9.89
2024-06-30,West,HoReCa,15657579,16645465,35,34.26,6.31
2024-06-30,Central,Modern Trade,12152324,13078610,35,36.73,7.62
2024-06-30,Central,General Trade,19828073,18293738,35,30.36,-7.74
2024-06-30,Central,E-commerce,8791638,9152587,35,32.17,4.11
2024-06-30,Central,Institutional,18387514,17280258,35,36.0,-6.02
2024-06-30,Central,HoReCa,11986065,12544769,35,37.37,4.66
2024-07-31,North,Modern Trade,17711288,19818506,35,35.94,11.9
2024-07-31,North,General Trade,16976707,17556453,35,29.57,3.41
2024-07-31,North,E-commerce,9346197,9094949,35,31.67,-2.69
2024-07-31,North,Institutional,9297097,9647134,35,31.75,3.77
2024-07-31,North,HoReCa,16103467,16734580,35,30.48,3.92
2024-07-31,South,Modern Trade,17400424,18941252,35,30.37,8.86
2024-07-31,South,General Trade,10751708,11449589,35,30.01,6.49
2024-07-31,South,E-commerce,6047099,6797339,35,37.14,12.41
2024-07-31,South,Institutional,10282199,11739009,35,28.74,14.17
2024-07-31,South,HoReCa,13268535,12667128,35,28.27,-4.53
2024-07-31,East,Modern Trade,15462758,15258596,35,35.78,-1.32
2024-07-31,East,General Trade,14573304,15509064,35,37.5,6.42
2024-07-31,East,E-commerce,5800875,5878813,35,28.02,1.34
2024-07-31,East,Institutional,19097017,18507160,35,35.34,-3.09
2024-07-31,East,HoReCa,7457114,7522894,35,29.55,0.88
2024-07-31,West,Modern Trade,13610619,12198468,35,37.53,-10.38
2024-07-31,West,General Trade,19791747,19751034,35,30.05,-0.21
2024-07-31,West,E-commerce,18703109,16499671,35,28.34,-11.78
2024-07-31,West,Institutional,5385106,4742465,35,35.16,-11.93
2024-07-31,West,HoReCa,13683102,13666884,35,33.76,-0.12
2024-07-31,Central,Modern Trade,5188420,4817790,35,32.52,-7.14
2024-07-31,Central,General Trade,14801709,12854831,35,36.01,-13.15
2024-07-31,Central,E-commerce,5703580,5736907,35,35.08,0.58
2024-07-31,Central,Institutional,18453886,17278031,35,29.02,-6.37
2024-07-31,Central,HoReCa,6834494,7819252,35,31.72,14.41
2024-08-31,North,Modern Trade,11934575,11813520,35,33.89,-1.01
2024-08-31,North,General Trade,15023969,12954342,35,31.5,-13.78
2024-08-31,North,E-commerce,5828598,6260426,35,34.87,7.41
2024-08-31,North,Institutional,14728404,13203752,35,36.54,-10.35
2024-08-31,North,HoReCa,6344666,5978038,35,35.17,-5.78
2024-08-31,South,Modern Trade,12937989,12763093,35,33.3,-1.35
2024-08-31,South,General Trade,11705831,12423389,35,32.56,6.13
2024-08-31,South,E-commerce,6418457,5885836,35,34.94,-8.3
2024-08-31,South,Institutional,16912210,14918116,35,29.5,-11.79
2024-08-31,South,HoReCa,8996511,10314676,35,30.01,14.65
2024-08-31,East,Modern Trade,16257035,14595717,35,37.71,-10.22
2024-08-31,East,General Trade,14857824,13895547,35,31.72,-6.48
2024-08-31,East,E-commerce,16590531,15632985,35,31.02,-5.77
2024-08-31,East,Institutional,11223524,10577489,35,36.14,-5.76
2024-08-31,East,HoReCa,11946283,10745007,35,36.94,-10.06
2024-08-31,West,Modern Trade,6062548,5273975,35,33.19,-13.01
2024-08-31,West,General Trade,7218828,6398398,35,32.97,-11.37
2024-08-31,West,E-commerce,15752469,15444856,35,36.05,-1.95
2024-08-31,West,Institutional,13213214,11553427,35,36.92,-12.56
2024-08-31,West,HoReCa,10924834,9618069,35,34.76,-11.96
2024-08-31,Central,Modern Trade,5927110,5354523,35,29.15,-9.66
2024-08-31,Central,General Trade,10885858,10253194,35,31.65,-5.81
2024-08-31,Central,E-commerce,17469543,15647050,35,31.96,-10.43
2024-08-31,Central,Institutional,18184095,20256888,35,30.19,11.4
2024-08-31,Central,HoReCa,9609072,9974016,35,34.13,3.8
2024-09-30,North,Modern Trade,6153177,6577393,35,37.73,6.89
2024-09-30,North,General Trade,6498753,6980458,35,29.66,7.41
2024-09-30,North,E-commerce,12796491,13682309,35,32.89,6.92
2024-09-30,North,Institutional,6208632,6249854,35,37.39,0.66
2024-09-30,North,HoReCa,14099881,15105480,35,30.45,7.13
2024-09-30,South,Modern Trade,18209344,18610122,35,32.89,2.2
2024-09-30,South,General Trade,15385003,16861091,35,34.4,9.59
2024-09-30,South,E-commerce,5812264,5485112,35,35.24,-5.63
2024-09-30,South,Institutional,12847921,12604723,35,32.48,-1.89
2024-09-30,South,HoReCa,10160101,10703739,35,34.2,5.35
2024-09-30,East,Modern Trade,7362869,7098252,35,35.0,-3.59
2024-09-30,East,General Trade,7992474,7448021,35,28.71,-6.81
2024-09-30,East,E-commerce,5546705,5208104,35,35.65,-6.1
2024-09-30,East,Institutional,15777864,15713866,35,37.44,-0.41
2024-09-30,East,HoReCa,12653435,13856795,35,37.56,9.51
2024-09-30,West,Modern Trade,14074925,14139848,35,35.24,0.46
2024-09-30,West,General Trade,14091368,15114140,35,37.33,7.26
2024-09-30,West,E-commerce,5334804,5841740,35,37.25,9.5
2024-09-30,West,Institutional,16229066,14627237,35,33.1,-9.87
2024-09-30,West,HoReCa,9641081,10783710,35,37.0,11.85
2024-09-30,Central,Modern Trade,10023737,8758444,35,29.64,-12.62
2024-09-30,Central,General Trade,17531545,15895153,35,30.74,-9.33
2024-09-30,Central,E-commerce,8226318,8131984,35,29.4,-1.15
2024-09-30,Central,Institutional,19111142,19906098,35,36.94,4.16
2024-09-30,Central,HoReCa,13533727,11789802,35,36.88,-12.89
2024-10-31,North,Modern Trade,19032029,21034831,35,30.49,10.52
2024-10-31,North,General Trade,11116977,11218590,35,28.62,0.91
2024-10-31,North,E-commerce,17452580,15251409,35,36.31,-12.61
2024-10-31,North,Institutional,17122915,14818321,35,29.43,-13.46
2024-10-31,North,HoReCa,15230385,15212318,35,37.11,-0.12
2024-10-31,South,Modern Trade,5836823,6401033,35,32.87,9.67
2024-10-31,South,General Trade,19440881,18540152,35,28.18,-4.63
2024-10-31,South,E-commerce,6247997,5869560,35,31.53,-6.06
2024-10-31,South,Institutional,18020745,16924107,35,37.52,-6.09
2024-10-31,South,HoReCa,16088284,17619782,35,28.72,9.52
2024-10-31,East,Modern Trade,6508221,7277745,35,29.74,11.82
2024-10-31,East,General Trade,12977447,14795007,35,32.32,14.01
2024-10-31,East,E-commerce,12566590,13530004,35,31.35,7.67
2024-10-31,East,Institutional,16756057,16181800,35,32.05,-3.43
2024-10-31,East,HoReCa,6448726,6979247,35,36.26,8.23
2024-10-31,West,Modern Trade,11462352,10067610,35,36.17,-12.17
2024-10-31,West,General Trade,16209058,16578192,35,37.97,2.28
2024-10-31,West,E-commerce,15608291,16904362,35,29.29,8.3
2024-10-31,West,Institutional,18031644,16037985,35,28.52,-11.06
2024-10-31,West,HoReCa,7638975,8730597,35,33.53,14.29
2024-10-31,Central,Modern Trade,8342429,8081254,35,35.41,-3.13
2024-10-31,Central,General Trade,10482849,10362445,35,29.78,-1.15
2024-10-31,Central,E-commerce,14140876,12273986,35,32.16,-13.2
2024-10-31,Central,Institutional,13033640,12849111,35,29.19,-1.42
2024-10-31,Central,HoReCa,14215917,14552999,35,37.55,2.37
2024-11-30,North,Modern Trade,13154782,14084966,35,33.92,7.07
2024-11-30,North,General Trade,18361428,17681136,35,30.14,-3.71
2024-11-30,North,E-commerce,16322524,17007745,35,32.67,4.2
2024-11-30,North,Institutional,6256229,6235843,35,35.53,-0.33
2024-11-30,North,HoReCa,12113151,10632712,35,31.24,-12.22
2024-11-30,South,Modern Trade,17979382,16999352,35,35.26,-5.45
2024-11-30,South,General Trade,15055499,15144788,35,31.8,0.59
2024-11-30,South,E-commerce,9385366,9206061,35,37.52,-1.91
2024-11-30,South,Institutional,10176276,8719272,35,29.35,-14.32
2024-11-30,South,HoReCa,9145558,9345477,35,33.7,2.19
2024-11-30,East,Modern Trade,6140402,5482145,35,32.2,-10.72
2024-11-30,East,General Trade,13738106,14678532,35,33.17,6.85
2024-11-30,East,E-commerce,16174846,18400688,35,28.05,13.76
2024-11-30,East,Institutional,9064433,9504387,35,30.62,4.85
2024-11-30,East,HoReCa,18571162,20666904,35,31.87,11.28
2024-11-30,West,Modern Trade,18453512,20792213,35,36.89,12.67
2024-11-30,West,General Trade,15256172,16049954,35,31.13,5.2
2024-11-30,West,E-commerce,18607452,19345352,35,33.89,3.97
2024-11-30,West,Institutional,13643757,11609653,35,36.65,-14.91
2024-11-30,West,HoReCa,11641406,12692706,35,31.64,9.03
2024-11-30,Central,Modern Trade,13735437,14314819,35,36.13,4.22
2024-11-30,Central,General Trade,9493733,8935450,35,31.47,-5.88
2024-11-30,Central,E-commerce,6664266,6340695,35,30.22,-4.86
2024-11-30,Central,Institutional,11084588,9919873,35,36.86,-10.51
2024-11-30,Central,HoReCa,6285059,5346756,35,30.16,-14.93
2024-12-31,North,Modern Trade,9640492,8879404,35,33.56,-7.89
2024-12-31,North,General Trade,15129510,13497634,35,30.19,-10.79
2024-12-31,North,E-commerce,7198089,6528386,35,33.98,-9.3
2024-12-31,North,Institutional,13442889,13617723,35,28.15,1.3
2024-12-31,North,HoReCa,9991441,10393829,35,33.68,4.03
2024-12-31,South,Modern Trade,7343797,8249953,35,29.23,12.34
2024-12-31,South,General Trade,8529864,7843308,35,33.43,-8.05
2024-12-31,South,E-commerce,8914691,7809855,35,31.7,-12.39
2024-12-31,South,Institutional,14775872,14320514,35,30.26,-3.08
2024-12-31,South,HoReCa,17935187,19356334,35,31.15,7.92
2024-12-31,East,Modern Trade,13612336,12506968,35,33.92,-8.12
2024-12-31,East,General Trade,13661132,14478195,35,34.57,5.98
2024-12-31,East,E-commerce,5681607,6362938,35,28.99,11.99
2024-12-31,East,Institutional,12353221,10882940,35,35.45,-11.9
2024-12-31,East,HoReCa,8960422,10033838,35,31.11,11.98
2024-12-31,West,Modern Trade,6096427,6958944,35,34.41,14.15
2024-12-31,West,General Trade,5547821,5388349,35,28.42,-2.87
2024-12-31,West,E-commerce,19917192,21223583,35,35.45,6.56
2024-12-31,West,Institutional,9875327,9018358,35,37.69,-8.68
2024-12-31,West,HoReCa,19066686,17922345,35,33.09,-6.0
2024-12-31,Central,Modern Trade,7511341,6749759,35,37.62,-10.14
2024-12-31,Central,General Trade,8152227,8196477,35,36.36,0.54
2024-12-31,Central,E-commerce,17260129,16087250,35,30.68,-6.8
2024-12-31,Central,Institutional,7667683,8058960,35,35.58,5.1
2024-12-31,Central,HoReCa,18499827,18695095,35,35.96,1.06
