expense_date,category,subcategory,budget,actual,variance_pct
2022-01-31,Marketing,ATL,3128429,2457486,-21.45
2022-01-31,Marketing,BTL,4739575,5713603,20.55
2022-01-31,Marketing,Digital,1356899,3032895,123.52
2022-01-31,Marketing,Trade Promo,683939,5573547,714.92
2022-01-31,Marketing,Sampling,3795900,2156826,-43.18
2022-01-31,Logistics,Primary Freight,4179673,5482310,31.17
2022-01-31,Logistics,Secondary Freight,1886420,2280588,20.9
2022-01-31,Logistics,Warehousing,3979639,3948092,-0.79
2022-01-31,Admin,Rent,3141395,2431521,-22.6
2022-01-31,Admin,Utilities,4226464,3694358,-12.59
2022-01-31,Admin,IT,2331167,3142299,34.8
2022-01-31,Admin,Office Supplies,2443349,445378,-81.77
2022-01-31,HR,Salaries,2406219,5074446,110.89
2022-01-31,HR,Incentives,3971678,3895943,-1.91
2022-01-31,HR,Training,2771532,719758,-74.03
2022-01-31,HR,Recruitment,1752281,5247157,199.45
2022-02-28,Marketing,ATL,4135095,2480934,-40.0
2022-02-28,Marketing,BTL,2122646,5155071,142.86
2022-02-28,Marketing,Digital,3897221,1706856,-56.2
2022-02-28,Marketing,Trade Promo,662239,5061502,664.3
2022-02-28,Marketing,Sampling,4656285,4418476,-5.11
2022-02-28,Logistics,Primary Freight,1649544,675006,-59.08
2022-02-28,Logistics,Secondary Freight,3218688,5016021,55.84
2022-02-28,Logistics,Warehousing,4083848,1282530,-68.6
2022-02-28,Admin,Rent,4780438,2399767,-49.8
2022-02-28,Admin,Utilities,4339554,2493685,-42.54
2022-02-28,Admin,IT,2223392,479314,-78.44
2022-02-28,Admin,Office Supplies,4662178,464246,-90.04
2022-02-28,HR,Salaries,1254275,3954210,215.26
2022-02-28,HR,Incentives,1673070,1331951,-20.39
2022-02-28,HR,Training,3292328,613091,-81.38
2022-02-28,HR,Recruitment,3630466,4333070,19.35
2022-03-31,Marketing,ATL,851277,1938954,127.77
2022-03-31,Marketing,BTL,514007,3189909,520.6
2022-03-31,Marketing,Digital,675543,4547863,573.22
2022-03-31,Marketing,Trade Promo,2898278,4775100,64.76
2022-03-31,Marketing,Sampling,3911399,3286333,-15.98
2022-03-31,Logistics,Primary Freight,1076552,3117898,189.62
2022-03-31,Logistics,Secondary Freight,583628,702095,20.3
2022-03-31,Logistics,Warehousing,1998145,3894527,94.91
2022-03-31,Admin,Rent,1615554,2920929,80.8
2022-03-31,Admin,Utilities,3382044,3044592,-9.98
2022-03-31,Admin,IT,2314508,3862842,66.9
2022-03-31,Admin,Office Supplies,1918614,4395391,129.09
2022-03-31,HR,Salaries,908732,3743952,312.0
2022-03-31,HR,Incentives,559237,528005,-5.58
2022-03-31,HR,Training,1811889,4094811,126.0
2022-03-31,HR,Recruitment,1764544,3401740,92.78
2022-04-30,Marketing,ATL,2920978,935331,-67.98
2022-04-30,Marketing,BTL,1562398,5278758,237.86
2022-04-30,Marketing,Digital,990979,849678,-14.26
2022-04-30,Marketing,Trade Promo,1605874,2878460,79.25
2022-04-30,Marketing,Sampling,2801074,4930911,76.04
2022-04-30,Logistics,Primary Freight,1312409,1542552,17.54
2022-04-30,Logistics,Secondary Freight,4899210,480302,-90.2
2022-04-30,Logistics,Warehousing,1700920,3296792,93.82
2022-04-30,Admin,Rent,3729129,3951525,5.96
2022-04-30,Admin,Utilities,3247122,5483679,68.88
2022-04-30,Admin,IT,2624822,5639922,114.87
2022-04-30,Admin,Office Supplies,902559,1042969,15.56
2022-04-30,HR,Salaries,4930340,2495355,-49.39
2022-04-30,HR,Incentives,3964041,990793,-75.01
2022-04-30,HR,Training,2651439,4931121,85.98
2022-04-30,HR,Recruitment,3019972,3618196,19.81
2022-05-31,Marketing,ATL,2242257,3064194,36.66
2022-05-31,Marketing,BTL,4168723,2755723,-33.9
2022-05-31,Marketing,Digital,4295961,4373960,1.82
2022-05-31,Marketing,Trade Promo,601012,4478800,645.21
2022-05-31,Marketing,Sampling,577778,4742910,720.89
2022-05-31,Logistics,Primary Freight,610307,403171,-33.94
2022-05-31,Logistics,Secondary Freight,2200010,1107940,-49.64
2022-05-31,Logistics,Warehousing,593805,3793174,538.79
2022-05-31,Admin,Rent,3746321,3717555,-0.77
2022-05-31,Admin,Utilities,3054277,2578082,-15.59
2022-05-31,Admin,IT,2577482,3533567,37.09
2022-05-31,Admin,Office Supplies,3477501,2692879,-22.56
2022-05-31,HR,Salaries,675489,1893593,180.33
2022-05-31,HR,Incentives,3278406,2341952,-28.56
2022-05-31,HR,Training,3047567,4551858,49.36
2022-05-31,HR,Recruitment,2260384,807973,-64.26
2022-06-30,Marketing,ATL,1080672,5638762,421.78
2022-06-30,Marketing,BTL,1093249,4628817,323.4
2022-06-30,Marketing,Digital,4645371,1766056,-61.98
2022-06-30,Marketing,Trade Promo,863298,2668121,209.06
2022-06-30,Marketing,Sampling,4234324,2726684,-35.61
2022-06-30,Logistics,Primary Freight,4016666,1559261,-61.18
2022-06-30,Logistics,Secondary Freight,1790779,3276293,82.95
2022-06-30,Logistics,Warehousing,2182954,1211574,-44.5
2022-06-30,Admin,Rent,1857477,3825806,105.97
2022-06-30,Admin,Utilities,4175246,2011221,-51.83
2022-06-30,Admin,IT,4884762,3034027,-37.89
2022-06-30,Admin,Office Supplies,736151,2031630,175.98
2022-06-30,HR,Salaries,3050153,1469054,-51.84
2022-06-30,HR,Incentives,2831267,5067238,78.97
2022-06-30,HR,Training,2576271,1329195,-48.41
2022-06-30,HR,Recruitment,1408454,2195650,55.89
2022-07-31,Marketing,ATL,2634039,2285582,-13.23
2022-07-31,Marketing,BTL,754729,466646,-38.17
2022-07-31,Marketing,Digital,3229262,1680616,-47.96
2022-07-31,Marketing,Trade Promo,3345068,4427934,32.37
2022-07-31,Marketing,Sampling,4618746,3550484,-23.13
2022-07-31,Logistics,Primary Freight,4449146,4665816,4.87
2022-07-31,Logistics,Secondary Freight,3883334,4608857,18.68
2022-07-31,Logistics,Warehousing,4779732,5574262,16.62
2022-07-31,Admin,Rent,3047163,4153711,36.31
2022-07-31,Admin,Utilities,2884488,3925888,36.1
2022-07-31,Admin,IT,1878873,652519,-65.27
2022-07-31,Admin,Office Supplies,2308217,4208155,82.31
2022-07-31,HR,Salaries,4139269,2146902,-48.13
2022-07-31,HR,Incentives,945161,5973099,531.97
2022-07-31,HR,Training,3340219,2665846,-20.19
2022-07-31,HR,Recruitment,1769310,3329294,88.17
2022-08-31,Marketing,ATL,3239928,4179625,29.0
2022-08-31,Marketing,BTL,3237799,2340475,-27.71
2022-08-31,Marketing,Digital,572644,1772660,209.56
2022-08-31,Marketing,Trade Promo,4951282,1703659,-65.59
2022-08-31,Marketing,Sampling,2960471,5453004,84.19
2022-08-31,Logistics,Primary Freight,2050249,5222827,154.74
2022-08-31,Logistics,Secondary Freight,3150700,5039611,59.95
2022-08-31,Logistics,Warehousing,2761561,2771420,0.36
2022-08-31,Admin,Rent,3607786,5036639,39.6
2022-08-31,Admin,Utilities,2968461,2661427,-10.34
2022-08-31,Admin,IT,2191434,3192614,45.69
2022-08-31,Admin,Office Supplies,4529144,5258246,16.1
2022-08-31,HR,Salaries,1610534,1272523,-20.99
2022-08-31,HR,Incentives,1194129,773740,-35.2
2022-08-31,HR,Training,3169246,2827534,-10.78
2022-08-31,HR,Recruitment,715497,4560935,537.45
2022-09-30,Marketing,ATL,3369329,2902643,-13.85
2022-09-30,Marketing,BTL,2378577,1869371,-21.41
2022-09-30,Marketing,Digital,970043,3531590,264.07
2022-09-30,Marketing,Trade Promo,4847169,5037374,3.92
2022-09-30,Marketing,Sampling,2648849,2316229,-12.56
2022-09-30,Logistics,Primary Freight,3058598,1435473,-53.07
2022-09-30,Logistics,Secondary Freight,3853244,4810474,24.84
2022-09-30,Logistics,Warehousing,2744662,5889368,114.58
2022-09-30,Admin,Rent,3578806,2291996,-35.96
2022-09-30,Admin,Utilities,4231327,1590286,-62.42
2022-09-30,Admin,IT,1778444,487143,-72.61
2022-09-30,Admin,Office Supplies,1610570,5121780,218.01
2022-09-30,HR,Salaries,3450512,5493651,59.21
2022-09-30,HR,Incentives,4657196,3946761,-15.25
2022-09-30,HR,Training,1508948,3455415,128.99
2022-09-30,HR,Recruitment,4611825,1250345,-72.89
2022-10-31,Marketing,ATL,3546935,2705511,-23.72
2022-10-31,Marketing,BTL,1127688,4533615,302.03
2022-10-31,Marketing,Digital,3508253,4760816,35.7
2022-10-31,Marketing,Trade Promo,1953540,3471265,77.69
2022-10-31,Marketing,Sampling,522357,3869256,640.73
2022-10-31,Logistics,Primary Freight,570811,2707351,374.3
2022-10-31,Logistics,Secondary Freight,3797607,444007,-88.31
2022-10-31,Logistics,Warehousing,1853983,1610122,-13.15
2022-10-31,Admin,Rent,577550,3156847,446.59
2022-10-31,Admin,Utilities,2067320,5540374,168.0
2022-10-31,Admin,IT,908524,3081287,239.15
2022-10-31,Admin,Office Supplies,3301237,5560994,68.45
2022-10-31,HR,Salaries,2562286,2620784,2.28
2022-10-31,HR,Incentives,2276620,3054980,34.19
2022-10-31,HR,Training,1044216,979992,-6.15
2022-10-31,HR,Recruitment,3061654,912671,-70.19
2022-11-30,Marketing,ATL,2334882,3397037,45.49
2022-11-30,Marketing,BTL,2611839,5775425,121.12
2022-11-30,Marketing,Digital,1634047,2821535,72.67
2022-11-30,Marketing,Trade Promo,2104783,4427744,110.37
2022-11-30,Marketing,Sampling,3291160,2646478,-19.59
2022-11-30,Logistics,Primary Freight,1760179,4788938,172.07
2022-11-30,Logistics,Secondary Freight,4665441,5602847,20.09
2022-11-30,Logistics,Warehousing,1862072,2417477,29.83
2022-11-30,Admin,Rent,928222,731012,-21.25
2022-11-30,Admin,Utilities,2053525,4735081,130.58
2022-11-30,Admin,IT,4540714,1650828,-63.64
2022-11-30,Admin,Office Supplies,1712216,4713838,175.31
2022-11-30,HR,Salaries,2284303,3116395,36.43
2022-11-30,HR,Incentives,3029864,1407004,-53.56
2022-11-30,HR,Training,712019,628454,-11.74
2022-11-30,HR,Recruitment,3437520,2465402,-28.28
2022-12-31,Marketing,ATL,4715506,3526332,-25.22
2022-12-31,Marketing,BTL,2891318,4313508,49.19
2022-12-31,Marketing,Digital,4862067,4956318,1.94
2022-12-31,Marketing,Trade Promo,3260743,855262,-73.77
2022-12-31,Marketing,Sampling,1570339,4977938,217.0
2022-12-31,Logistics,Primary Freight,4208407,4325430,2.78
2022-12-31,Logistics,Secondary Freight,851861,1241325,45.72
2022-12-31,Logistics,Warehousing,2426019,1606838,-33.77
2022-12-31,Admin,Rent,3724422,4291504,15.23
2022-12-31,Admin,Utilities,4644272,728473,-84.31
2022-12-31,Admin,IT,3616683,3500598,-3.21
2022-12-31,Admin,Office Supplies,2003065,4998901,149.56
2022-12-31,HR,Salaries,1480920,4568159,208.47
2022-12-31,HR,Incentives,3388422,4624816,36.49
2022-12-31,HR,Training,902695,2895052,220.71
2022-12-31,HR,Recruitment,1705127,5632508,230.33
2023-01-31,Marketing,ATL,822515,2949536,258.6
2023-01-31,Marketing,BTL,4407085,5193588,17.85
2023-01-31,Marketing,Digital,765521,1673790,118.65
2023-01-31,Marketing,Trade Promo,927321,4130314,345.4
2023-01-31,Marketing,Sampling,3641903,862621,-76.31
2023-01-31,Logistics,Primary Freight,793577,4516571,469.14
2023-01-31,Logistics,Secondary Freight,2076462,1262706,-39.19
2023-01-31,Logistics,Warehousing,543048,1631530,200.44
2023-01-31,Admin,Rent,4732494,2008023,-57.57
2023-01-31,Admin,Utilities,3078670,3637848,18.16
2023-01-31,Admin,IT,3448099,4945680,43.43
2023-01-31,Admin,Office Supplies,749028,1646107,119.77
2023-01-31,HR,Salaries,3246203,967519,-70.2
2023-01-31,HR,Incentives,2627694,4612113,75.52
2023-01-31,HR,Training,3061314,3096862,1.16
2023-01-31,HR,Recruitment,1654452,5692957,244.1
2023-02-28,Marketing,ATL,701200,871770,24.33
2023-02-28,Marketing,BTL,2570421,3923467,52.64
2023-02-28,Marketing,Digital,3800441,653501,-82.8
2023-02-28,Marketing,Trade Promo,2662920,4065006,52.65
2023-02-28,Marketing,Sampling,4802694,875084,-81.78
2023-02-28,Logistics,Primary Freight,1535349,4785252,211.67
2023-02-28,Logistics,Secondary Freight,990203,3302988,233.57
2023-02-28,Logistics,Warehousing,900763,3015315,234.75
2023-02-28,Admin,Rent,2683558,4987843,85.87
2023-02-28,Admin,Utilities,3102793,1209645,-61.01
2023-02-28,Admin,IT,865199,2867239,231.4
2023-02-28,Admin,Office Supplies,3896802,2950761,-24.28
2023-02-28,HR,Salaries,930236,1374877,47.8
2023-02-28,HR,Incentives,4238491,2302925,-45.67
2023-02-28,HR,Training,3114966,3747112,20.29
2023-02-28,HR,Recruitment,3362619,5522959,64.25
2023-03-31,Marketing,ATL,3193844,441038,-86.19
2023-03-31,Marketing,BTL,3648347,5918662,62.23
2023-03-31,Marketing,Digital,722480,5351931,640.77
2023-03-31,Marketing,Trade Promo,3806854,1277061,-66.45
2023-03-31,Marketing,Sampling,2438971,4977929,104.1
2023-03-31,Logistics,Primary Freight,2563887,4658483,81.7
2023-03-31,Logistics,Secondary Freight,3836877,1972443,-48.59
2023-03-31,Logistics,Warehousing,2615001,4948006,89.22
2023-03-31,Admin,Rent,2373860,5004338,110.81
2023-03-31,Admin,Utilities,735178,1310454,78.25
2023-03-31,Admin,IT,882254,5694596,545.46
2023-03-31,Admin,Office Supplies,1850096,3486469,88.45
2023-03-31,HR,Salaries,4401101,2281825,-48.15
2023-03-31,HR,Incentives,2289058,2999259,31.03
2023-03-31,HR,Training,1883675,3723082,97.65
2023-03-31,HR,Recruitment,806277,1777510,120.46
2023-04-30,Marketing,ATL,2491886,5897488,136.67
2023-04-30,Marketing,BTL,3978496,2800145,-29.62
2023-04-30,Marketing,Digital,572639,3526531,515.84
2023-04-30,Marketing,Trade Promo,3702561,3478223,-6.06
2023-04-30,Marketing,Sampling,4232051,3840608,-9.25
2023-04-30,Logistics,Primary Freight,695102,1394929,100.68
2023-04-30,Logistics,Secondary Freight,2943414,5183774,76.11
2023-04-30,Logistics,Warehousing,2188028,2146286,-1.91
2023-04-30,Admin,Rent,4650197,1347173,-71.03
2023-04-30,Admin,Utilities,3860341,3875573,0.39
2023-04-30,Admin,IT,1431799,2250736,57.2
2023-04-30,Admin,Office Supplies,2169944,5935350,173.53
2023-04-30,HR,Salaries,826828,1076809,30.23
2023-04-30,HR,Incentives,3319649,1967972,-40.72
2023-04-30,HR,Training,882511,1051404,19.14
2023-04-30,HR,Recruitment,773120,666349,-13.81
2023-05-31,Marketing,ATL,3146077,2200745,-30.05
2023-05-31,Marketing,BTL,3158008,4704991,48.99
2023-05-31,Marketing,Digital,772054,3592638,365.34
2023-05-31,Marketing,Trade Promo,916827,1594831,73.95
2023-05-31,Marketing,Sampling,1750560,579752,-66.88
2023-05-31,Logistics,Primary Freight,1560631,2107094,35.02
2023-05-31,Logistics,Secondary Freight,1975973,2627829,32.99
2023-05-31,Logistics,Warehousing,2999939,3229445,7.65
2023-05-31,Admin,Rent,2613928,2362574,-9.62
2023-05-31,Admin,Utilities,2590579,4428499,70.95
2023-05-31,Admin,IT,3175039,2522531,-20.55
2023-05-31,Admin,Office Supplies,1007971,1397979,38.69
2023-05-31,HR,Salaries,3614375,4754858,31.55
2023-05-31,HR,Incentives,3442658,5264854,52.93
2023-05-31,HR,Training,3743464,3632628,-2.96
2023-05-31,HR,Recruitment,3146114,2383797,-24.23
2023-06-30,Marketing,ATL,3372848,4046187,19.96
2023-06-30,Marketing,BTL,4576008,5399173,17.99
2023-06-30,Marketing,Digital,2410509,3315003,37.52
2023-06-30,Marketing,Trade Promo,2596996,4370684,68.3
2023-06-30,Marketing,Sampling,2669775,4452835,66.79
2023-06-30,Logistics,Primary Freight,2859415,1984066,-30.61
2023-06-30,Logistics,Secondary Freight,3767274,983707,-73.89
2023-06-30,Logistics,Warehousing,4499842,3946192,-12.3
2023-06-30,Admin,Rent,2972635,1437905,-51.63
2023-06-30,Admin,Utilities,1786963,4563101,155.36
2023-06-30,Admin,IT,3563661,1373279,-61.46
2023-06-30,Admin,Office Supplies,2382454,2845356,19.43
2023-06-30,HR,Salaries,4410777,1990337,-54.88
2023-06-30,HR,Incentives,3837802,1654614,-56.89
2023-06-30,HR,Training,3073936,5643270,83.58
2023-06-30,HR,Recruitment,1644797,3763502,128.81
2023-07-31,Marketing,ATL,2043008,3537809,73.17
2023-07-31,Marketing,BTL,2545132,649526,-74.48
2023-07-31,Marketing,Digital,1219680,5320154,336.19
2023-07-31,Marketing,Trade Promo,1574121,5094467,223.64
2023-07-31,Marketing,Sampling,4673930,1995917,-57.3
2023-07-31,Logistics,Primary Freight,2903505,2784297,-4.11
2023-07-31,Logistics,Secondary Freight,1317519,3245691,146.35
2023-07-31,Logistics,Warehousing,2187330,1135552,-48.09
2023-07-31,Admin,Rent,1476670,3848021,160.59
2023-07-31,Admin,Utilities,2210981,5716728,158.56
2023-07-31,Admin,IT,1997494,480713,-75.93
2023-07-31,Admin,Office Supplies,1484788,5955455,301.1
2023-07-31,HR,Salaries,2233637,2425016,8.57
2023-07-31,HR,Incentives,4457539,4604108,3.29
2023-07-31,HR,Training,1692533,1257326,-25.71
2023-07-31,HR,Recruitment,4078861,701763,-82.8
2023-08-31,Marketing,ATL,4503420,3629622,-19.4
2023-08-31,Marketing,BTL,2367663,3367391,42.22
2023-08-31,Marketing,Digital,2289447,823739,-64.02
2023-08-31,Marketing,Trade Promo,1114678,4194916,276.33
2023-08-31,Marketing,Sampling,3723640,978858,-73.71
2023-08-31,Logistics,Primary Freight,3683998,2189460,-40.57
2023-08-31,Logistics,Secondary Freight,4774500,5114910,7.13
2023-08-31,Logistics,Warehousing,1429749,3891910,172.21
2023-08-31,Admin,Rent,1317556,1540249,16.9
2023-08-31,Admin,Utilities,2819811,5564884,97.35
2023-08-31,Admin,IT,4264898,2202919,-48.35
2023-08-31,Admin,Office Supplies,948463,4229567,345.94
2023-08-31,HR,Salaries,1279517,2666048,108.36
2023-08-31,HR,Incentives,2497253,4178813,67.34
2023-08-31,HR,Training,2259005,3851311,70.49
2023-08-31,HR,Recruitment,1769795,4247803,140.02
2023-09-30,Marketing,ATL,2120927,1124114,-47.0
2023-09-30,Marketing,BTL,3930348,2948257,-24.99
2023-09-30,Marketing,Digital,2687807,733359,-72.72
2023-09-30,Marketing,Trade Promo,2708579,1402685,-48.21
2023-09-30,Marketing,Sampling,1968221,3343095,69.85
2023-09-30,Logistics,Primary Freight,3279069,2013895,-38.58
2023-09-30,Logistics,Secondary Freight,3084910,3010549,-2.41
2023-09-30,Logistics,Warehousing,2032805,5931454,191.79
2023-09-30,Admin,Rent,924684,3847229,316.06
2023-09-30,Admin,Utilities,999296,1865479,86.68
2023-09-30,Admin,IT,4761795,4307190,-9.55
2023-09-30,Admin,Office Supplies,4227020,5980381,41.48
2023-09-30,HR,Salaries,3507764,5087379,45.03
2023-09-30,HR,Incentives,3315733,5173686,56.03
2023-09-30,HR,Training,939324,2834937,201.81
2023-09-30,HR,Recruitment,878941,4465482,408.05
2023-10-31,Marketing,ATL,3831542,5286853,37.98
2023-10-31,Marketing,BTL,4335002,4926111,13.64
2023-10-31,Marketing,Digital,4011282,5352120,33.43
2023-10-31,Marketing,Trade Promo,3866252,909693,-76.47
2023-10-31,Marketing,Sampling,2918416,3639934,24.72
2023-10-31,Logistics,Primary Freight,4850122,5148866,6.16
2023-10-31,Logistics,Secondary Freight,2126122,3499973,64.62
2023-10-31,Logistics,Warehousing,2438330,868067,-64.4
2023-10-31,Admin,Rent,2447989,1189049,-51.43
2023-10-31,Admin,Utilities,2708681,2557899,-5.57
2023-10-31,Admin,IT,3525866,3132549,-11.16
2023-10-31,Admin,Office Supplies,4062427,2491396,-38.67
2023-10-31,HR,Salaries,2176024,3248863,49.3
2023-10-31,HR,Incentives,3936586,792451,-79.87
2023-10-31,HR,Training,1483787,827197,-44.25
2023-10-31,HR,Recruitment,3722039,4821269,29.53
2023-11-30,Marketing,ATL,4677884,439613,-90.6
2023-11-30,Marketing,BTL,2198210,1696024,-22.85
2023-11-30,Marketing,Digital,3852429,3622346,-5.97
2023-11-30,Marketing,Trade Promo,2928878,985313,-66.36
2023-11-30,Marketing,Sampling,2127654,1049994,-50.65
2023-11-30,Logistics,Primary Freight,2563179,1054723,-58.85
2023-11-30,Logistics,Secondary Freight,4908768,5881352,19.81
2023-11-30,Logistics,Warehousing,2104390,2635773,25.25
2023-11-30,Admin,Rent,719151,557052,-22.54
2023-11-30,Admin,Utilities,3792772,5144536,35.64
2023-11-30,Admin,IT,2608433,2698600,3.46
2023-11-30,Admin,Office Supplies,3231885,5228806,61.79
2023-11-30,HR,Salaries,1176740,2677402,127.53
2023-11-30,HR,Incentives,4239366,4439634,4.72
2023-11-30,HR,Training,3777379,3027147,-19.86
2023-11-30,HR,Recruitment,3748452,3514605,-6.24
2023-12-31,Marketing,ATL,1956312,1497725,-23.44
2023-12-31,Marketing,BTL,1097305,4153382,278.51
2023-12-31,Marketing,Digital,3033199,1797655,-40.73
2023-12-31,Marketing,Trade Promo,2965152,917359,-69.06
2023-12-31,Marketing,Sampling,964477,5682545,489.18
2023-12-31,Logistics,Primary Freight,3634417,3756897,3.37
2023-12-31,Logistics,Secondary Freight,3623054,3156669,-12.87
2023-12-31,Logistics,Warehousing,4942258,2387317,-51.7
2023-12-31,Admin,Rent,3579917,2405622,-32.8
2023-12-31,Admin,Utilities,2975853,4099660,37.76
2023-12-31,Admin,IT,3823000,1778484,-53.48
2023-12-31,Admin,Office Supplies,753218,2288485,203.83
2023-12-31,HR,Salaries,721617,5480555,659.48
2023-12-31,HR,Incentives,4369627,1446251,-66.9
2023-12-31,HR,Training,2626581,4134750,57.42
2023-12-31,HR,Recruitment,1712253,4439813,159.3
2024-01-31,Marketing,ATL,4905272,5453538,11.18
2024-01-31,Marketing,BTL,960672,1102674,14.78
2024-01-31,Marketing,Digital,2911757,5074105,74.26
2024-01-31,Marketing,Trade Promo,2692449,4674457,73.61
2024-01-31,Marketing,Sampling,562355,1595453,183.71
2024-01-31,Logistics,Primary Freight,4777736,2307426,-51.7
2024-01-31,Logistics,Secondary Freight,3203949,2398664,-25.13
2024-01-31,Logistics,Warehousing,511479,5694338,1013.31
2024-01-31,Admin,Rent,587815,3142544,434.61
2024-01-31,Admin,Utilities,4764508,421267,-91.16
2024-01-31,Admin,IT,1017603,1355886,33.24
2024-01-31,Admin,Office Supplies,2271001,4615941,103.26
2024-01-31,HR,Salaries,2309654,670935,-70.95
2024-01-31,HR,Incentives,2154033,2232226,3.63
2024-01-31,HR,Training,2058499,2082631,1.17
2024-01-31,HR,Recruitment,1856606,4435996,138.93
2024-02-29,Marketing,ATL,1965377,5845791,197.44
2024-02-29,Marketing,BTL,2841089,5944061,109.22
2024-02-29,Marketing,Digital,3423337,5532582,61.61
2024-02-29,Marketing,Trade Promo,2853203,2294536,-19.58
2024-02-29,Marketing,Sampling,2562040,718482,-71.96
2024-02-29,Logistics,Primary Freight,1368898,3922410,186.54
2024-02-29,Logistics,Secondary Freight,2481218,5489262,121.23
2024-02-29,Logistics,Warehousing,1863742,2556890,37.19
2024-02-29,Admin,Rent,4891787,2284605,-53.3
2024-02-29,Admin,Utilities,4314797,1994106,-53.78
2024-02-29,Admin,IT,548437,3136383,471.88
2024-02-29,Admin,Office Supplies,2946252,1608107,-45.42
2024-02-29,HR,Salaries,3568443,3035656,-14.93
2024-02-29,HR,Incentives,1168345,5912822,406.09
2024-02-29,HR,Training,1721950,975205,-43.37
2024-02-29,HR,Recruitment,1081838,3646147,237.03
2024-03-31,Marketing,ATL,3614382,2198221,-39.18
2024-03-31,Marketing,BTL,1910286,1069623,-44.01
2024-03-31,Marketing,Digital,4335267,3263425,-24.72
2024-03-31,Marketing,Trade Promo,1293736,1226471,-5.2
2024-03-31,Marketing,Sampling,2701333,5100474,88.81
2024-03-31,Logistics,Primary Freight,3472621,658450,-81.04
2024-03-31,Logistics,Secondary Freight,2067881,822183,-60.24
2024-03-31,Logistics,Warehousing,862288,904283,4.87
2024-03-31,Admin,Rent,3728402,2268517,-39.16
2024-03-31,Admin,Utilities,1737883,3109711,78.94
2024-03-31,Admin,IT,3805461,2662033,-30.05
2024-03-31,Admin,Office Supplies,2242685,5861010,161.34
2024-03-31,HR,Salaries,3114240,1257164,-59.63
2024-03-31,HR,Incentives,4715978,3829525,-18.8
2024-03-31,HR,Training,1759550,5152069,192.81
2024-03-31,HR,Recruitment,1572383,1270901,-19.17
2024-04-30,Marketing,ATL,511177,1246842,143.92
2024-04-30,Marketing,BTL,4375938,3494925,-20.13
2024-04-30,Marketing,Digital,4519656,4809040,6.4
2024-04-30,Marketing,Trade Promo,3865829,669237,-82.69
2024-04-30,Marketing,Sampling,656156,2460636,275.01
2024-04-30,Logistics,Primary Freight,2945802,2597923,-11.81
2024-04-30,Logistics,Secondary Freight,1718844,622227,-63.8
2024-04-30,Logistics,Warehousing,1630021,1246463,-23.53
2024-04-30,Admin,Rent,3726946,3384109,-9.2
2024-04-30,Admin,Utilities,4273415,1630137,-61.85
2024-04-30,Admin,IT,2071523,891212,-56.98
2024-04-30,Admin,Office Supplies,1339121,3676065,174.51
2024-04-30,HR,Salaries,1959009,5656619,188.75
2024-04-30,HR,Incentives,2802391,4827984,72.28
2024-04-30,HR,Training,4852173,3725961,-23.21
2024-04-30,HR,Recruitment,4045174,3548741,-12.27
2024-05-31,Marketing,ATL,4890872,5184908,6.01
2024-05-31,Marketing,BTL,2402458,1080409,-55.03
2024-05-31,Marketing,Digital,2212660,4014618,81.44
2024-05-31,Marketing,Trade Promo,795768,4178870,425.14
2024-05-31,Marketing,Sampling,2988891,3628257,21.39
2024-05-31,Logistics,Primary Freight,1526621,5133318,236.25
2024-05-31,Logistics,Secondary Freight,3619330,714027,-80.27
2024-05-31,Logistics,Warehousing,3519636,2750302,-21.86
2024-05-31,Admin,Rent,1584824,3077071,94.16
2024-05-31,Admin,Utilities,3488081,1392831,-60.07
2024-05-31,Admin,IT,2804585,2481912,-11.51
2024-05-31,Admin,Office Supplies,3960493,1078344,-72.77
2024-05-31,HR,Salaries,2409610,3889336,61.41
2024-05-31,HR,Incentives,819474,486468,-40.64
2024-05-31,HR,Training,703125,2138820,204.19
2024-05-31,HR,Recruitment,1368364,1277802,-6.62
2024-06-30,Marketing,ATL,1643611,2538184,54.43
2024-06-30,Marketing,BTL,1958076,5452243,178.45
2024-06-30,Marketing,Digital,4606648,2147728,-53.38
2024-06-30,Marketing,Trade Promo,1007298,728292,-27.7
2024-06-30,Marketing,Sampling,3549829,3374819,-4.93
2024-06-30,Logistics,Primary Freight,4044964,2846433,-29.63
2024-06-30,Logistics,Secondary Freight,3741871,495791,-86.75
2024-06-30,Logistics,Warehousing,1646549,4996457,203.45
2024-06-30,Admin,Rent,2693657,1473353,-45.3
2024-06-30,Admin,Utilities,799598,4403915,450.77
2024-06-30,Admin,IT,4876962,2352726,-51.76
2024-06-30,Admin,Office Supplies,4167997,3434425,-17.6
2024-06-30,HR,Salaries,3544858,1950823,-44.97
2024-06-30,HR,Incentives,2567339,4274709,66.5
2024-06-30,HR,Training,4716137,2371490,-49.72
2024-06-30,HR,Recruitment,3154987,1801270,-42.91
2024-07-31,Marketing,ATL,4613565,1062496,-76.97
2024-07-31,Marketing,BTL,4968583,3987648,-19.74
2024-07-31,Marketing,Digital,2216632,4845781,118.61
2024-07-31,Marketing,Trade Promo,590115,2654804,349.88
2024-07-31,Marketing,Sampling,4850378,5777095,19.11
2024-07-31,Logistics,Primary Freight,1557763,491254,-68.46
2024-07-31,Logistics,Secondary Freight,2051612,537071,-73.82
2024-07-31,Logistics,Warehousing,2804693,5982701,113.31
2024-07-31,Admin,Rent,1439628,3885640,169.91
2024-07-31,Admin,Utilities,3657670,1771715,-51.56
2024-07-31,Admin,IT,1149137,2085737,81.5
2024-07-31,Admin,Office Supplies,1253759,2554657,103.76
2024-07-31,HR,Salaries,4739561,1531057,-67.7
2024-07-31,HR,Incentives,3916620,2059018,-47.43
2024-07-31,HR,Training,1290431,2267294,75.7
2024-07-31,HR,Recruitment,593651,2811714,373.63
2024-08-31,Marketing,ATL,1428940,2077883,45.41
2024-08-31,Marketing,BTL,922218,2349579,154.77
2024-08-31,Marketing,Digital,2503139,5921565,136.57
2024-08-31,Marketing,Trade Promo,1664291,1685395,1.27
2024-08-31,Marketing,Sampling,3697913,5361313,44.98
2024-08-31,Logistics,Primary Freight,2017270,3925675,94.6
2024-08-31,Logistics,Secondary Freight,989979,3444591,247.95
2024-08-31,Logistics,Warehousing,3084989,3472478,12.56
2024-08-31,Admin,Rent,4907850,3052333,-37.81
2024-08-31,Admin,Utilities,1624273,4957683,205.22
2024-08-31,Admin,IT,1659415,5952825,258.73
2024-08-31,Admin,Office Supplies,4523459,1548332,-65.77
2024-08-31,HR,Salaries,1557445,1510400,-3.02
2024-08-31,HR,Incentives,2699909,2284102,-15.4
2024-08-31,HR,Training,1098680,2164699,97.03
2024-08-31,HR,Recruitment,1111029,4784515,330.64
2024-09-30,Marketing,ATL,4336818,1460130,-66.33
2024-09-30,Marketing,BTL,3057098,5941017,94.34
2024-09-30,Marketing,Digital,4011807,2882642,-28.15
2024-09-30,Marketing,Trade Promo,1807882,885445,-51.02
2024-09-30,Marketing,Sampling,2233238,2348025,5.14
2024-09-30,Logistics,Primary Freight,4404147,4912883,11.55
2024-09-30,Logistics,Secondary Freight,827809,4833472,483.89
2024-09-30,Logistics,Warehousing,2176682,5239444,140.71
2024-09-30,Admin,Rent,3285884,1096494,-66.63
2024-09-30,Admin,Utilities,2116621,2784501,31.55
2024-09-30,Admin,IT,550800,4712215,755.52
2024-09-30,Admin,Office Supplies,2906796,5249649,80.6
2024-09-30,HR,Salaries,4401981,1292012,-70.65
2024-09-30,HR,Incentives,1823087,5590269,206.64
2024-09-30,HR,Training,2611377,3987593,52.7
2024-09-30,HR,Recruitment,4552811,4183050,-8.12
2024-10-31,Marketing,ATL,4004512,1675123,-58.17
2024-10-31,Marketing,BTL,2263466,5261942,132.47
2024-10-31,Marketing,Digital,4282660,1772648,-58.61
2024-10-31,Marketing,Trade Promo,1151607,3102185,169.38
2024-10-31,Marketing,Sampling,3028339,3349090,10.59
2024-10-31,Logistics,Primary Freight,1888145,5826201,208.57
2024-10-31,Logistics,Secondary Freight,4654645,968587,-79.19
2024-10-31,Logistics,Warehousing,2980581,4821544,61.77
2024-10-31,Admin,Rent,3386911,3723943,9.95
2024-10-31,Admin,Utilities,4169583,1722555,-58.69
2024-10-31,Admin,IT,2469478,3049750,23.5
2024-10-31,Admin,Office Supplies,1588727,5889989,270.74
2024-10-31,HR,Salaries,1247469,535598,-57.07
2024-10-31,HR,Incentives,1087118,523523,-51.84
2024-10-31,HR,Training,3829295,2937386,-23.29
2024-10-31,HR,Recruitment,1035213,4152908,301.16
2024-11-30,Marketing,ATL,1447126,2510730,73.5
2024-11-30,Marketing,BTL,1224494,2293813,87.33
2024-11-30,Marketing,Digital,2439415,1791778,-26.55
2024-11-30,Marketing,Trade Promo,4247103,4046784,-4.72
2024-11-30,Marketing,Sampling,3118655,5321137,70.62
2024-11-30,Logistics,Primary Freight,3973588,3161850,-20.43
2024-11-30,Logistics,Secondary Freight,766113,4418743,476.77
2024-11-30,Logistics,Warehousing,808674,5277562,552.62
2024-11-30,Admin,Rent,2306394,2591320,12.35
2024-11-30,Admin,Utilities,757756,1037755,36.95
2024-11-30,Admin,IT,3442824,2896686,-15.86
2024-11-30,Admin,Office Supplies,809317,4215386,420.86
2024-11-30,HR,Salaries,1156329,4455655,285.33
2024-11-30,HR,Incentives,2663455,1082861,-59.34
2024-11-30,HR,Training,986702,3925564,297.85
2024-11-30,HR,Recruitment,4665526,5089778,9.09
2024-12-31,Marketing,ATL,1296567,2772215,113.81
2024-12-31,Marketing,BTL,1137174,604845,-46.81
2024-12-31,Marketing,Digital,3539768,3803584,7.45
2024-12-31,Marketing,Trade Promo,3910225,2521727,-35.51
2024-12-31,Marketing,Sampling,4541537,1035453,-77.2
2024-12-31,Logistics,Primary Freight,4578677,1877821,-58.99
2024-12-31,Logistics,Secondary Freight,4276801,3131941,-26.77
2024-12-31,Logistics,Warehousing,3717298,4671264,25.66
2024-12-31,Admin,Rent,855212,3944988,361.29
2024-12-31,Admin,Utilities,3111542,4862308,56.27
2024-12-31,Admin,IT,2877638,2513469,-12.66
2024-12-31,Admin,Office Supplies,2634119,5396560,104.87
2024-12-31,HR,Salaries,2300721,2000231,-13.06
2024-12-31,HR,Incentives,873130,463408,-46.93
2024-12-31,HR,Training,3492411,3314558,-5.09
2024-12-31,HR,Recruitment,3250677,4020774,23.69
